Location,Name,Frequency,Duplex,Offset,Tone,rToneFreq,cToneFreq,DtcsCode,DtcsPolarity,RxDtcsCode,CrossMode,Mode,TStep,Skip,Power,Comment,URCALL,RPT1CALL,RPT2CALL,DVCODE
0,LAS Tower 1/19,118.750000,,0.000000,,88.5,88.5,023,NN,023,Tone->Tone,AM,5.00,,8.0W,LAS Tower 1/19 ATC,,,,
1,LAS Tower 8/26,119.900000,,0.000000,,88.5,88.5,023,NN,023,Tone->Tone,AM,5.00,,8.0W,LAS Tower 8/26 ATC,,,,
2,VHF Guard,121.500000,,0.600000,,88.5,88.5,023,NN,023,Tone->Tone,AM,5.00,,50W,Aircraft Emergency and Distress,,,,
3,ELT Training,121.775000,,0.600000,,88.5,88.5,023,NN,023,Tone->Tone,AM,5.00,,50W,Emergency Locator Transmitter (ELT) Training Beacons,,,,
4,AvSup 121.95,121.950000,,0.600000,,88.5,88.5,023,NN,023,Tone->Tone,AM,5.00,,50W,Aviation Support,,,,
5,FLightWatch WX,122.200000,,0.600000,,88.5,88.5,023,NN,023,Tone->Tone,AM,5.00,,50W,Flight Watch Weather ,,,,
6,UNICOM 122.7,122.700000,,0.000000,,88.5,88.5,023,NN,023,Tone->Tone,AM,25.00,,50W,Airports without an Air Traffic Control tower or FSS on the airport.,,,,
7,UNICOM 122.725,122.725000,,0.000000,,88.5,88.5,023,NN,023,Tone->Tone,AM,25.00,,50W,Airports without an Air Traffic Control tower or FSS on the airport.,,,,
8,Air-Air Fixed Wing,122.750000,,0.000000,,88.5,88.5,023,NN,023,Tone->Tone,AM,25.00,,50W,USA: Air-to-air communication (private fixed wing aircraft).,,,,
9,UNICOM 122.8,122.800000,,0.000000,,88.5,88.5,023,NN,023,Tone->Tone,AM,25.00,,50W,Airports without an Air Traffic Control tower or FSS on the airport.,,,,
10,MULTICOM 122.85,122.850000,,0.600000,,88.5,88.5,023,NN,023,Tone->Tone,AM,5.00,,50W,"Multicom, Aviation Support",,,,
11,MULTICOM 122.9,122.900000,,0.000000,,88.5,88.5,023,NN,023,Tone->Tone,AM,25.00,,50W,"Multicom, Search and Rescue Training 	",,,,
12,MULTICOM 122.925,122.925000,,0.600000,,88.5,88.5,023,NN,023,Tone->Tone,AM,25.00,,50W,"Multicom, Special Use, Natural resource management 	",,,,
13,UNICOM 122.95 (ATC),122.950000,,0.000000,,88.5,88.5,023,NN,023,Tone->Tone,AM,25.00,,50W,Airports with an Air Traffic Control tower or FSS (Alaska only) on the airport.,,,,
14,UNICOM 122.975,122.975000,,0.000000,,88.5,88.5,023,NN,023,Tone->Tone,AM,25.00,,50W,Airports without an Air Traffic Control tower or FSS on the airport.,,,,
15,UNICOM 123.0,123.000000,,0.000000,,88.5,88.5,023,NN,023,Tone->Tone,AM,25.00,,50W,Airports without an Air Traffic Control tower or FSS on the airport.,,,,
16,Air-Air Helo,123.025000,,0.000000,,88.5,88.5,023,NN,023,Tone->Tone,AM,25.00,,50W,USA: Helicopter air-to-air communications; air traffic control operations.,,,,
17,UNICOM 123.05,123.050000,,0.000000,,88.5,88.5,023,NN,023,Tone->Tone,AM,25.00,,50W,Airports without an Air Traffic Control tower or FSS on the airport.,,,,
18,UNICOM 123.075,123.075000,,0.000000,,88.5,88.5,023,NN,023,Tone->Tone,AM,25.00,,50W,Airports without an Air Traffic Control tower or FSS on the airport.,,,,
19,SAR Primary,123.100000,,0.600000,,88.5,88.5,023,NN,023,Tone->Tone,AM,5.00,,50W,"Search and Rescue primary, ATC for special events secondary.",,,,
20,FlightTest 123.125,123.125000,,0.600000,,88.5,88.5,023,NN,023,Tone->Tone,AM,5.00,,50W,Flight Test itinerant,,,,
21,FlightTest 123.15,123.150000,,0.600000,,88.5,88.5,023,NN,023,Tone->Tone,AM,5.00,,50W,Flight Test itinerant 	,,,,
22,FlightTest 123.175,123.175000,,0.600000,,88.5,88.5,023,NN,023,Tone->Tone,AM,5.00,,50W,Flight Test itinerant 	,,,,
23,FlightTest 123.2,123.200000,,0.600000,,88.5,88.5,023,NN,023,Tone->Tone,AM,5.00,,50W,Flight Test,,,,
24,FlightTest 123.225,123.225000,,0.600000,,88.5,88.5,023,NN,023,Tone->Tone,AM,5.00,,50W,Flight Test,,,,
25,FlightTest 123.25,123.250000,,0.600000,,88.5,88.5,023,NN,023,Tone->Tone,AM,5.00,,50W,Flight Test,,,,
26,FlightTest 123.275,123.275000,,0.600000,,88.5,88.5,023,NN,023,Tone->Tone,AM,5.00,,50W,Flight Test,,,,
27,AvSup 123.3,123.300000,,0.000000,,88.5,88.5,023,NN,023,Tone->Tone,AM,25.00,,50W,"Aviation instruction, Glider, Hot Air Balloon (not to be used for advisory service).",,,,
28,FlightTest 123.325,123.325000,,0.600000,,88.5,88.5,023,NN,023,Tone->Tone,AM,5.00,,50W,Flight Test,,,,
29,FlightTest 123.35,123.350000,,0.600000,,88.5,88.5,023,NN,023,Tone->Tone,AM,25.00,,50W,Flight Test,,,,
30,FlightTest 123.375,123.375000,,0.600000,,88.5,88.5,023,NN,023,Tone->Tone,AM,5.00,,50W,Flight Test,,,,
31,FlightTest 123.4,123.400000,,0.600000,,88.5,88.5,023,NN,023,Tone->Tone,AM,25.00,,50W,Flight Test itinerant,,,,
32,FlightTest 123.425,123.425000,,0.600000,,88.5,88.5,023,NN,023,Tone->Tone,AM,5.00,,50W,Flight Test itinerant,,,,
33,FlightTest 123.45,123.450000,,0.600000,,88.5,88.5,023,NN,023,Tone->Tone,AM,25.00,,50W,Flight Test,,,,
34,FlightTest 123.475,123.475000,,0.600000,,88.5,88.5,023,NN,023,Tone->Tone,AM,5.00,,50W,Flight Test,,,,
35,AvSup 123.5,123.500000,,0.000000,,88.5,88.5,023,NN,023,Tone->Tone,AM,25.00,,50W,"Aviation instruction, Glider, Hot Air Balloon (not to be used for advisory service).",,,,
36,FlightTest 123.525,123.525000,,0.600000,,88.5,88.5,023,NN,023,Tone->Tone,AM,5.00,,50W,Flight Test,,,,
37,FlightTest 123.55,123.550000,,0.600000,,88.5,88.5,023,NN,023,Tone->Tone,AM,5.00,,50W,Flight Test,,,,
38,FlightTest 123.575,123.575000,,0.600000,,88.5,88.5,023,NN,023,Tone->Tone,AM,5.00,,50W,Flight Test,,,,
39,MILCOM 126.2,126.200000,,0.600000,,88.5,88.5,023,NN,023,Tone->Tone,AM,5.00,,50W,Military Common (advisory) ,,,,
40,Deicing Common,129.525000,,0.600000,,88.5,88.5,023,NN,023,Tone->Tone,AM,5.00,,50W,Deicing Common,,,,
41,MILCOM 134.1,134.100000,,0.600000,,88.5,88.5,023,NN,023,Tone->Tone,AM,5.00,,50W,Military Common (advisory) ,,,,
42,FlightInsp 135.85,135.850000,,0.600000,,88.5,88.5,023,NN,023,Tone->Tone,AM,5.00,,50W,FAA Flight Inspection,,,,
43,FlightInsp 135.9,135.900000,,0.600000,,88.5,88.5,023,NN,023,Tone->Tone,AM,5.00,,50W,FAA Flight Inspection,,,,
45,StFireResc,33.900000,off,0.600000,,88.5,88.5,023,NN,023,Tone->Tone,NFM,5.00,,8.0W,Statewide fire / rescue,,,,
46,ArmySrchRes,40.500000,off,0.600000,,88.5,88.5,023,NN,023,Tone->Tone,NFM,5.00,,8.0W,Army Search and Rescue,,,,
47,ArmyCtrlTwr,41.500000,off,0.600000,,88.5,88.5,023,NN,023,Tone->Tone,NFM,5.00,,8.0W,Army Control Towers,,,,
48,MobileSAM,69.400000,off,0.600000,,88.5,88.5,023,NN,023,Tone->Tone,NFM,5.00,,8.0W,Mobile SAM sites,,,,
49,NLVVOT,108.200000,off,0.600000,,88.5,88.5,023,NN,023,Tone->Tone,AM,5.00,,8.0W,North Las Vegas VOT,,,,
50,TTRILS14,108.300000,off,0.600000,,88.5,88.5,023,NN,023,Tone->Tone,AM,5.00,,8.0W,TTR ILS 14 Localizer,,,,
51,KLAS25R,110.300000,off,0.600000,,88.5,88.5,023,NN,023,Tone->Tone,AM,5.00,,8.0W,KLAS Runway 25R ILS,,,,
52,TTRILS32,111.700000,off,0.600000,,88.5,88.5,023,NN,023,Tone->Tone,AM,5.00,,8.0W,TTR ILS 32 Localizer,,,,
53,KLAS25L,111.750000,off,0.600000,,88.5,88.5,023,NN,023,Tone->Tone,AM,5.00,,8.0W,KLAS Runway 25L LOC/GS,,,,
54,TTRVOR,113.000000,off,0.600000,,88.5,88.5,023,NN,023,Tone->Tone,AM,5.00,,8.0W,TTR VOR,,,,
55,MormonVOR,114.300000,off,0.600000,,88.5,88.5,023,NN,023,Tone->Tone,AM,5.00,,8.0W,Mormon Mesa VOR,,,,
56,PalmdVOR,114.500000,off,0.600000,,88.5,88.5,023,NN,023,Tone->Tone,AM,5.00,,8.0W,Palmdale VOR,,,,
57,BeattyVOR,114.700000,off,0.600000,,88.5,88.5,023,NN,023,Tone->Tone,AM,5.00,,8.0W,Beatty VOR,,,,
58,TonopahVOR,116.000000,off,0.600000,,88.5,88.5,023,NN,023,Tone->Tone,AM,5.00,,8.0W,Tonopah VOR,,,,
59,WilsonVOR,116.300000,off,0.600000,,88.5,88.5,023,NN,023,Tone->Tone,AM,5.00,,8.0W,Wilson Creek VOR,,,,
60,EdwardsVOR,116.400000,off,0.600000,,88.5,88.5,023,NN,023,Tone->Tone,AM,5.00,,8.0W,Edwards AFB VOR,,,,
61,BouldrVOR,116.700000,off,0.600000,,88.5,88.5,023,NN,023,Tone->Tone,AM,5.00,,8.0W,Boulder City VOR,,,,
62,KLASVOR,116.900000,off,0.600000,,88.5,88.5,023,NN,023,Tone->Tone,AM,5.00,,8.0W,KLAS VOR,,,,
63,GroomVOR,117.500000,off,0.600000,,88.5,88.5,023,NN,023,Tone->Tone,AM,5.00,,8.0W,Groom Lake VOR,,,,
64,CoaldVOR,117.700000,off,0.600000,,88.5,88.5,023,NN,023,Tone->Tone,AM,5.00,,8.0W,Coaldale VOR,,,,
65,KLASClrDel,118.000000,off,0.600000,,88.5,88.5,023,NN,023,Tone->Tone,AM,5.00,,8.0W,KLAS Clearance Delivery,,,,
66,LACntrHigh,118.025000,off,0.600000,,88.5,88.5,023,NN,023,Tone->Tone,AM,5.00,,8.0W,LA Center high,,,,
67,NLVATIS,118.050000,off,0.600000,,88.5,88.5,023,NN,023,Tone->Tone,AM,5.00,,8.0W,North Las Vegas ATIS,,,,
68,AirDrops,118.100000,off,0.600000,,88.5,88.5,023,NN,023,Tone->Tone,AM,5.00,,8.0W,Air drops,,,,
69,NellisAppr,118.125000,off,0.600000,,88.5,88.5,023,NN,023,Tone->Tone,AM,5.00,,8.0W,Nellis AFB Approach,,,,
70,TTRWx,118.275000,off,0.600000,,88.5,88.5,023,NN,023,Tone->Tone,AM,5.00,,8.0W,TTR Range 74 weather,,,,
71,CreechTwr,118.300000,off,0.600000,,88.5,88.5,023,NN,023,Tone->Tone,AM,5.00,,8.0W,Creech AFB Tower,,,,
72,KLASAppSE,118.400000,off,0.600000,,88.5,88.5,023,NN,023,Tone->Tone,AM,5.00,,8.0W,KLAS Approach SE,,,,
73,AirExTarg,118.450000,off,0.600000,,88.5,88.5,023,NN,023,Tone->Tone,AM,5.00,,8.0W,Air Exercise targeting,,,,
74,KLASJanet,118.700000,off,0.600000,,88.5,88.5,023,NN,023,Tone->Tone,AM,5.00,,8.0W,KLAS Janet Ops,,,,
75,KLASCTwr,118.750000,off,0.600000,,88.5,88.5,023,NN,023,Tone->Tone,AM,5.00,,8.0W,KLAS Control Tower,,,,
76,GrCnyTwr,119.000000,off,0.600000,,88.5,88.5,023,NN,023,Tone->Tone,AM,5.00,,8.0W,Grand Canyon Tower,,,,
77,NLVTwr,119.150000,off,0.600000,,88.5,88.5,023,NN,023,Tone->Tone,AM,5.00,,8.0W,North Las Vegas Tower,,,,
78,NellisCtlW,119.350000,off,0.600000,,88.5,88.5,023,NN,023,Tone->Tone,AM,5.00,,8.0W,Nellis Control West,,,,
79,KLASFinApp,119.400000,off,0.600000,,88.5,88.5,023,NN,023,Tone->Tone,AM,5.00,,8.0W,KLAS Final Approach,,,,
80,TTRBaseOps,119.450000,off,0.600000,,88.5,88.5,023,NN,023,Tone->Tone,AM,5.00,,8.0W,TTR Base Ops,,,,
81,KLASAppE,119.775000,off,0.600000,,88.5,88.5,023,NN,023,Tone->Tone,AM,5.00,,8.0W,KLAS Approach East,,,,
82,KLASCTwr2,119.900000,off,0.600000,,88.5,88.5,023,NN,023,Tone->Tone,AM,5.00,,8.0W,KLAS Control Tower,,,,
83,JoshCtrl,120.250000,off,0.600000,,88.5,88.5,023,NN,023,Tone->Tone,AM,5.00,,8.0W,Joshua Control,,,,
84,SLCentr,120.275000,off,0.600000,,88.5,88.5,023,NN,023,Tone->Tone,AM,5.00,,8.0W,Salt Lake Center,,,,
85,KLASAppNE,120.450000,off,0.600000,,88.5,88.5,023,NN,023,Tone->Tone,AM,5.00,,8.0W,KLAS Approach NE,,,,
86,NTTRFire,120.525000,off,0.600000,,88.5,88.5,023,NN,023,Tone->Tone,AM,5.00,,8.0W,NTTR Fire Fighters,,,,
87,LocalTraf,120.650000,off,0.600000,,88.5,88.5,023,NN,023,Tone->Tone,AM,5.00,,8.0W,Local Traffic,,,,
88,KHNDATIS,120.775000,off,0.600000,,88.5,88.5,023,NN,023,Tone->Tone,AM,5.00,,8.0W,KHND ATIS,,,,
89,NellisClr,120.900000,off,0.600000,,88.5,88.5,023,NN,023,Tone->Tone,AM,5.00,,8.0W,Nellis Clearance Delivery,,,,
90,KLASGrnd,121.100000,off,0.600000,,88.5,88.5,023,NN,023,Tone->Tone,AM,5.00,,8.0W,KLAS Ground Control,,,,
91,CreechWx,121.125000,off,0.600000,,88.5,88.5,023,NN,023,Tone->Tone,AM,5.00,,8.0W,Creech AFB Weather,,,,
92,OaklCentr,121.250000,off,0.600000,,88.5,88.5,023,NN,023,Tone->Tone,AM,5.00,,8.0W,Oakland Center,,,,
93,AirEmerg,121.500000,off,0.600000,,88.5,88.5,023,NN,023,Tone->Tone,AM,5.00,,8.0W,Aircraft Emergency,,,,
94,NLVGrnd,121.700000,off,0.600000,,88.5,88.5,023,NN,023,Tone->Tone,AM,5.00,,8.0W,North Las Vegas Ground,,,,
95,NellisGnd,121.800000,off,0.600000,,88.5,88.5,023,NN,023,Tone->Tone,AM,5.00,,8.0W,Nellis AFB Ground,,,,
96,KLASGrnd2,121.900000,off,0.600000,,88.5,88.5,023,NN,023,Tone->Tone,AM,5.00,,8.0W,KLAS Ground Control,,,,
97,LocalTraf2,121.950000,off,0.600000,,88.5,88.5,023,NN,023,Tone->Tone,AM,5.00,,8.0W,Local Traffic,,,,
98,FltAdvSvc,122.000000,off,0.600000,,88.5,88.5,023,NN,023,Tone->Tone,AM,5.00,,8.0W,Flight Advisory Service,,,,
99,FltSvcStn,122.100000,off,0.600000,,88.5,88.5,023,NN,023,Tone->Tone,AM,5.00,,8.0W,Flight Service Stations,,,,
100,FltSvcEly,122.200000,off,0.600000,,88.5,88.5,023,NN,023,Tone->Tone,AM,5.00,,8.0W,Flight Service Ely,,,,
101,FltSvcLV,122.400000,off,0.600000,,88.5,88.5,023,NN,023,Tone->Tone,AM,5.00,,8.0W,Flight Service Las Vegas,,,,
102,FltSvcTono,122.500000,off,0.600000,,88.5,88.5,023,NN,023,Tone->Tone,AM,5.00,,8.0W,Flight Service Tonopah,,,,
103,FltSvcMtP,122.600000,off,0.600000,,88.5,88.5,023,NN,023,Tone->Tone,AM,5.00,,8.0W,Flight Service Mt. Potosi,,,,
104,BouldUNI,122.700000,off,0.600000,,88.5,88.5,023,NN,023,Tone->Tone,AM,5.00,,8.0W,Boulder City UNICOM,,,,
105,DsrtRockU,122.800000,off,0.600000,,88.5,88.5,023,NN,023,Tone->Tone,AM,5.00,,8.0W,Desert Rock UNICOM,,,,
106,UNICOMDom,122.825000,off,0.600000,,88.5,88.5,023,NN,023,Tone->Tone,AM,5.00,,8.0W,UNICOM Domestic,,,,
107,MULTICOM,122.900000,off,0.600000,,88.5,88.5,023,NN,023,Tone->Tone,AM,5.00,,8.0W,MULTICOM,,,,
108,KLASUNI,122.950000,off,0.600000,,88.5,88.5,023,NN,023,Tone->Tone,AM,5.00,,8.0W,KLAS/KHND UNICOM,,,,
109,TonopahUNI,123.000000,off,0.600000,,88.5,88.5,023,NN,023,Tone->Tone,AM,5.00,,8.0W,Tonopah Airport UNICOM,,,,
110,DrmlndAsp,123.225000,off,0.600000,,88.5,88.5,023,NN,023,Tone->Tone,AM,5.00,,8.0W,Dreamland Airspace,,,,
111,FltTestEn,123.425000,off,0.600000,,88.5,88.5,023,NN,023,Tone->Tone,AM,5.00,,8.0W,Flight Test Enroute,,,,
112,FltTestAA,123.450000,off,0.600000,,88.5,88.5,023,NN,023,Tone->Tone,AM,5.00,,8.0W,Flight test air-air,,,,
113,Nellis64,123.475000,off,0.600000,,88.5,88.5,023,NN,023,Tone->Tone,AM,5.00,,8.0W,Nellis 64 AGRS,,,,
114,AvSupport,123.500000,off,0.600000,,88.5,88.5,023,NN,023,Tone->Tone,AM,5.00,,8.0W,Aviation Support,,,,
115,NellisRng,123.550000,off,0.600000,,88.5,88.5,023,NN,023,Tone->Tone,AM,5.00,,8.0W,Nellis Range Controller,,,,
116,OaklCent2,123.800000,off,0.600000,,88.5,88.5,023,NN,023,Tone->Tone,AM,5.00,,8.0W,Oakland Center,,,,
117,KLASHeli,123.825000,off,0.600000,,88.5,88.5,023,NN,023,Tone->Tone,AM,5.00,,8.0W,KLAS Helicopter Control,,,,
118,JoshCtrlS,123.950000,off,0.600000,,88.5,88.5,023,NN,023,Tone->Tone,AM,5.00,,8.0W,Joshua Control Saline MOA,,,,
119,NLVClr,124.000000,off,0.600000,,88.5,88.5,023,NN,023,Tone->Tone,AM,5.00,,8.0W,North Las Vegas Clearance,,,,
120,LACntrNE,124.200000,off,0.600000,,88.5,88.5,023,NN,023,Tone->Tone,AM,5.00,,8.0W,LA Center NE,,,,
121,KLASRamp,124.400000,off,0.600000,,88.5,88.5,023,NN,023,Tone->Tone,AM,5.00,,8.0W,KLAS Ramp Control,,,,
122,JoshCtrlP,124.550000,off,0.600000,,88.5,88.5,023,NN,023,Tone->Tone,AM,5.00,,8.0W,Joshua Control Palmdale,,,,
123,LACntrNW,124.625000,off,0.600000,,88.5,88.5,023,NN,023,Tone->Tone,AM,5.00,,8.0W,LA Center NW,,,,
124,SilverTwr,124.750000,off,0.600000,,88.5,88.5,023,NN,023,Tone->Tone,AM,5.00,,8.0W,Silverbow Tower,,,,
125,LACentr,124.850000,off,0.600000,,88.5,88.5,023,NN,023,Tone->Tone,AM,5.00,,8.0W,LA Center,,,,
126,NellisAppE,124.950000,off,0.600000,,88.5,88.5,023,NN,023,Tone->Tone,AM,5.00,,8.0W,Nellis Approach East,,,,
127,KLASAppW,125.025000,off,0.600000,,88.5,88.5,023,NN,023,Tone->Tone,AM,5.00,,8.0W,KLAS Approach West,,,,
128,KHNDTwr,125.100000,off,0.600000,,88.5,88.5,023,NN,023,Tone->Tone,AM,5.00,,8.0W,KHND Tower & CTAF,,,,
129,KLASClsB,125.475000,off,0.600000,,88.5,88.5,023,NN,023,Tone->Tone,AM,5.00,,8.0W,KLAS Class B South,,,,
130,SLCentr2,125.575000,off,0.600000,,88.5,88.5,023,NN,023,Tone->Tone,AM,5.00,,8.0W,Salt Lake Center,,,,
131,KLASAppSE,125.600000,off,0.600000,,88.5,88.5,023,NN,023,Tone->Tone,AM,5.00,,8.0W,KLAS Approach SE & E,,,,
132,NLVTwr2,125.700000,off,0.600000,,88.5,88.5,023,NN,023,Tone->Tone,AM,5.00,,8.0W,North Las Vegas Tower,,,,
133,LACntrHi2,125.725000,off,0.600000,,88.5,88.5,023,NN,023,Tone->Tone,AM,5.00,,8.0W,LA Center high,,,,
134,OaklCent3,125.750000,off,0.600000,,88.5,88.5,023,NN,023,Tone->Tone,AM,5.00,,8.0W,Oakland Center,,,,
135,KLASDepSW,125.900000,off,0.600000,,88.5,88.5,023,NN,023,Tone->Tone,AM,5.00,,8.0W,KLAS Departure SW,,,,
136,JoshCtrlP2,126.100000,off,0.600000,,88.5,88.5,023,NN,023,Tone->Tone,AM,5.00,,8.0W,Joshua Control Palmdale,,,,
137,DrmlndMOA,126.150000,off,0.600000,,88.5,88.5,023,NN,023,Tone->Tone,AM,5.00,,8.0W,Dreamland MOA Control,,,,
138,26WPSAdv,126.200000,off,0.600000,,88.5,88.5,023,NN,023,Tone->Tone,AM,5.00,,8.0W,26 WPS Flight Advisory,,,,
139,MercuryAp,126.300000,off,0.600000,,88.5,88.5,023,NN,023,Tone->Tone,AM,5.00,,8.0W,Mercury Approach,,,,
140,JoshCtrlO,126.550000,off,0.600000,,88.5,88.5,023,NN,023,Tone->Tone,AM,5.00,,8.0W,Joshua Control Owens MOA,,,,
141,DrmlndAsp2,126.600000,off,0.600000,,88.5,88.5,023,NN,023,Tone->Tone,AM,5.00,,8.0W,Dreamland Airspace,,,,
142,NellisCtlE,126.650000,off,0.600000,,88.5,88.5,023,NN,023,Tone->Tone,AM,5.00,,8.0W,Nellis Control East,,,,
143,NellisTrk,126.950000,off,0.600000,,88.5,88.5,023,NN,023,Tone->Tone,AM,5.00,,8.0W,Nellis Track,,,,
144,OaklCent4,127.175000,off,0.600000,,88.5,88.5,023,NN,023,Tone->Tone,AM,5.00,,8.0W,Oakland Center,,,,
145,TTRGrnd,127.250000,off,0.600000,,88.5,88.5,023,NN,023,Tone->Tone,AM,5.00,,8.0W,TTR Ground Control,,,,
146,LACentr2,127.350000,off,0.600000,,88.5,88.5,023,NN,023,Tone->Tone,AM,5.00,,8.0W,LA Center,,,,
147,JoshCtrlA,127.500000,off,0.600000,,88.5,88.5,023,NN,023,Tone->Tone,AM,5.00,,8.0W,Joshua Control ATCAA,,,,
148,KHNDGrnd,127.800000,off,0.600000,,88.5,88.5,023,NN,023,Tone->Tone,AM,5.00,,8.0W,KHND Ground,,,,
149,KLASRamp2,127.900000,off,0.600000,,88.5,88.5,023,NN,023,Tone->Tone,AM,5.00,,8.0W,KLAS Ramp Control,,,,
150,SLCentr3,127.925000,off,0.600000,,88.5,88.5,023,NN,023,Tone->Tone,AM,5.00,,8.0W,Salt Lake Center,,,,
151,LACentr3,128.075000,off,0.600000,,88.5,88.5,023,NN,023,Tone->Tone,AM,5.00,,8.0W,LA Center,,,,
152,SLCentr4,128.550000,off,0.600000,,88.5,88.5,023,NN,023,Tone->Tone,AM,5.00,,8.0W,Salt Lake Center,,,,
153,SLCentr5,128.725000,off,0.600000,,88.5,88.5,023,NN,023,Tone->Tone,AM,5.00,,8.0W,Salt Lake Center,,,,
154,OaklCent5,128.800000,off,0.600000,,88.5,88.5,023,NN,023,Tone->Tone,AM,5.00,,8.0W,Oakland Center,,,,
155,PrivAir1,129.025000,off,0.600000,,88.5,88.5,023,NN,023,Tone->Tone,AM,5.00,,8.0W,Private airline,,,,
156,StGeorge,129.100000,off,0.600000,,88.5,88.5,023,NN,023,Tone->Tone,AM,5.00,,8.0W,Saint George Airport FBO,,,,
157,PrivAir2,129.650000,off,0.600000,,88.5,88.5,023,NN,023,Tone->Tone,AM,5.00,,8.0W,Private airline,,,,
158,KLASRmpA,130.000000,off,0.600000,,88.5,88.5,023,NN,023,Tone->Tone,AM,5.00,,8.0W,KLAS Ramp alternate,,,,
159,NWAirln,130.350000,off,0.600000,,88.5,88.5,023,NN,023,Tone->Tone,AM,5.00,,8.0W,Northwest Airlines OPS,,,,
160,RedFlagR,130.525000,off,0.600000,,88.5,88.5,023,NN,023,Tone->Tone,AM,5.00,,8.0W,Red Flag Red Team,,,,
161,AMC,130.650000,off,0.600000,,88.5,88.5,023,NN,023,Tone->Tone,AM,5.00,,8.0W,Air Mobility Command,,,,
162,NWAirln2,130.700000,off,0.600000,,88.5,88.5,023,NN,023,Tone->Tone,AM,5.00,,8.0W,Northwest Airlines,,,,
163,DeltaAirl,131.150000,off,0.600000,,88.5,88.5,023,NN,023,Tone->Tone,AM,5.00,,8.0W,Delta Airlines,,,,
164,ScenicAir,131.600000,off,0.600000,,88.5,88.5,023,NN,023,Tone->Tone,AM,5.00,,8.0W,Scenic Airlines,,,,
165,AmerWst,131.775000,off,0.600000,,88.5,88.5,023,NN,023,Tone->Tone,AM,5.00,,8.0W,America West Airlines,,,,
166,OaklCent6,132.050000,off,0.600000,,88.5,88.5,023,NN,023,Tone->Tone,AM,5.00,,8.0W,Oakland Center,,,,
167,SLCentr6,132.250000,off,0.600000,,88.5,88.5,023,NN,023,Tone->Tone,AM,5.00,,8.0W,Salt Lake Center,,,,
168,KLASATIS,132.400000,off,0.600000,,88.5,88.5,023,NN,023,Tone->Tone,AM,5.00,,8.0W,KLAS ATIS,,,,
169,NellisTwr,132.550000,off,0.600000,,88.5,88.5,023,NN,023,Tone->Tone,AM,5.00,,8.0W,Nellis AFB Tower,,,,
170,LACentr4,132.625000,off,0.600000,,88.5,88.5,023,NN,023,Tone->Tone,AM,5.00,,8.0W,LA Center,,,,
171,OaklCent7,132.800000,off,0.600000,,88.5,88.5,023,NN,023,Tone->Tone,AM,5.00,,8.0W,Oakland Center,,,,
172,OaklCent8,132.950000,off,0.600000,,88.5,88.5,023,NN,023,Tone->Tone,AM,5.00,,8.0W,Oakland Center,,,,
173,SLCentr7,133.450000,off,0.600000,,88.5,88.5,023,NN,023,Tone->Tone,AM,5.00,,8.0W,Salt Lake Center,,,,
174,LACentr5,133.550000,off,0.600000,,88.5,88.5,023,NN,023,Tone->Tone,AM,5.00,,8.0W,LA Center,,,,
175,SLCentr8,133.600000,off,0.600000,,88.5,88.5,023,NN,023,Tone->Tone,AM,5.00,,8.0W,Salt Lake Center,,,,
176,JoshCtrlP3,133.650000,off,0.600000,,88.5,88.5,023,NN,023,Tone->Tone,AM,5.00,,8.0W,Joshua Control Primary,,,,
177,SLCentr9,133.900000,off,0.600000,,88.5,88.5,023,NN,023,Tone->Tone,AM,5.00,,8.0W,Salt Lake Center,,,,
178,KLASDepNE,133.950000,off,0.600000,,88.5,88.5,023,NN,023,Tone->Tone,AM,5.00,,8.0W,KLAS Departure NE,,,,
179,JoshCtrlI,134.050000,off,0.600000,,88.5,88.5,023,NN,023,Tone->Tone,AM,5.00,,8.0W,Joshua Control Isabella,,,,
180,PrivAirc,134.075000,off,0.600000,,88.5,88.5,023,NN,023,Tone->Tone,AM,5.00,,8.0W,Private aircraft,,,,
181,CloverS,134.100000,off,0.600000,,88.5,88.5,023,NN,023,Tone->Tone,AM,5.00,,8.0W,Clover Control South,,,,
182,OaklCent9,134.375000,off,0.600000,,88.5,88.5,023,NN,023,Tone->Tone,AM,5.00,,8.0W,Oakland Center,,,,
183,OaklCent10,134.450000,off,0.600000,,88.5,88.5,023,NN,023,Tone->Tone,AM,5.00,,8.0W,Oakland Center,,,,
184,SLCentr10,134.525000,off,0.600000,,88.5,88.5,023,NN,023,Tone->Tone,AM,5.00,,8.0W,Salt Lake Center,,,,
185,LACentr6,134.650000,off,0.600000,,88.5,88.5,023,NN,023,Tone->Tone,AM,5.00,,8.0W,LA Center,,,,
186,KLASFinA2,135.000000,off,0.600000,,88.5,88.5,023,NN,023,Tone->Tone,AM,5.00,,8.0W,KLAS Final Approach,,,,
187,NellisAppW,135.100000,off,0.600000,,88.5,88.5,023,NN,023,Tone->Tone,AM,5.00,,8.0W,Nellis Approach West,,,,
188,LACentr7,135.250000,off,0.600000,,88.5,88.5,023,NN,023,Tone->Tone,AM,5.00,,8.0W,LA Center,,,,
189,KHNDClr,135.350000,off,0.600000,,88.5,88.5,023,NN,023,Tone->Tone,AM,5.00,,8.0W,KHND Clearance Delivery,,,,
190,LACentrUH,135.550000,off,0.600000,,88.5,88.5,023,NN,023,Tone->Tone,AM,5.00,,8.0W,LA Center ultra high,,,,
191,SLCentr11,135.775000,off,0.600000,,88.5,88.5,023,NN,023,Tone->Tone,AM,5.00,,8.0W,Salt Lake Center,,,,
192,PrivAir3,136.500000,off,0.600000,,88.5,88.5,023,NN,023,Tone->Tone,AM,5.00,,8.0W,Private airline,,,,
193,422TES,138.012500,off,0.600000,,88.5,88.5,023,NN,023,Tone->Tone,AM,5.00,,8.0W,422 TES,,,,
194,GreenFlag,138.100000,off,0.600000,,88.5,88.5,023,NN,023,Tone->Tone,AM,5.00,,8.0W,Green Flag Ops,,,,
195,DataCrr,138.125000,off,0.600000,,88.5,88.5,023,NN,023,Tone->Tone,NFM,5.00,,8.0W,Data Carrier,,,,
196,DsrtRockA,138.150000,off,0.600000,,88.5,88.5,023,NN,023,Tone->Tone,AM,5.00,,8.0W,Desert Rock Airstrip,,,,
197,16WPS,138.175000,off,0.600000,,88.5,88.5,023,NN,023,Tone->Tone,AM,5.00,,8.0W,16 WPS,,,,
198,FEMAbase,138.225000,off,0.600000,,88.5,88.5,023,NN,023,Tone->Tone,AM,5.00,,8.0W,FEMA base,,,,
199,16WPS2,138.250000,off,0.600000,,88.5,88.5,023,NN,023,Tone->Tone,AM,5.00,,8.0W,16 WPS,,,,
200,SAR,138.300000,off,0.600000,,88.5,88.5,023,NN,023,Tone->Tone,AM,5.00,,8.0W,Search and Rescue,,,,
201,DrmlndBk,138.350000,off,0.600000,,88.5,88.5,023,NN,023,Tone->Tone,AM,5.00,,8.0W,Dreamland Mission Backup,,,,
202,66WPS,138.375000,off,0.600000,,88.5,88.5,023,NN,023,Tone->Tone,AM,5.00,,8.0W,66 WPS,,,,
203,MAFEX,138.500000,off,0.600000,,88.5,88.5,023,NN,023,Tone->Tone,AM,5.00,,8.0W,MAFEX Check-In,,,,
204,FAANav,138.575000,off,0.600000,,88.5,88.5,023,NN,023,Tone->Tone,AM,5.00,,8.0W,FAA nav aid test,,,,
205,AirExCry,138.600000,off,0.600000,,88.5,88.5,023,NN,023,Tone->Tone,AM,5.00,,8.0W,Air Exercise crypto,,,,
206,RedFlag,138.675000,off,0.600000,,88.5,88.5,023,NN,023,Tone->Tone,AM,5.00,,8.0W,Red Flag Ops,,,,
207,RedFlagO,138.750000,off,0.600000,,88.5,88.5,023,NN,023,Tone->Tone,AM,5.00,,8.0W,Red Flag ORANGE 2,,,,
208,RedFlagY,138.775000,off,0.600000,,88.5,88.5,023,NN,023,Tone->Tone,AM,5.00,,8.0W,Red Flag YELLOW 2,,,,
209,BirdDog,138.900000,off,0.600000,,88.5,88.5,023,NN,023,Tone->Tone,AM,5.00,,8.0W,Bird Dog,,,,
210,26WPSMQ9,138.950000,off,0.600000,,88.5,88.5,023,NN,023,Tone->Tone,AM,5.00,,8.0W,26 WPS MQ-9,,,,
211,16WPS2,139.125000,off,0.600000,,88.5,88.5,023,NN,023,Tone->Tone,AM,5.00,,8.0W,16 WPS,,,,
212,RedTmAA,139.200000,off,0.600000,,88.5,88.5,023,NN,023,Tone->Tone,AM,5.00,,8.0W,Red team air-air,,,,
213,NellisPil,139.300000,off,0.600000,,88.5,88.5,023,NN,023,Tone->Tone,AM,5.00,,8.0W,Nellis Pilot-Dispatcher,,,,
214,66WPSA10,139.400000,off,0.600000,,88.5,88.5,023,NN,023,Tone->Tone,AM,5.00,,8.0W,66 WPS A-10,,,,
215,GroomMsn,139.425000,off,0.600000,,88.5,88.5,023,NN,023,Tone->Tone,AM,5.00,,8.0W,Groom Mission,,,,
216,16WPS3,139.550000,off,0.600000,,88.5,88.5,023,NN,023,Tone->Tone,AM,5.00,,8.0W,16 WPS,,,,
217,GreenFlg2,139.575000,off,0.600000,,88.5,88.5,023,NN,023,Tone->Tone,AM,5.00,,8.0W,Green Flag,,,,
218,422TES2,139.600000,off,0.600000,,88.5,88.5,023,NN,023,Tone->Tone,AM,5.00,,8.0W,422 TES,,,,
219,64AGRS,139.750000,off,0.600000,,88.5,88.5,023,NN,023,Tone->Tone,AM,5.00,,8.0W,64 AGRS,,,,
220,TBirds,139.800000,off,0.600000,,88.5,88.5,023,NN,023,Tone->Tone,AM,5.00,,8.0W,Thunderbirds Air Show,,,,
221,64AGRS2,139.850000,off,0.600000,,88.5,88.5,023,NN,023,Tone->Tone,AM,5.00,,8.0W,64 AGRS,,,,
222,GreenFlg3,139.950000,off,0.600000,,88.5,88.5,023,NN,023,Tone->Tone,AM,5.00,,8.0W,Green Flag,,,,
223,GreenFlg4,140.100000,off,0.600000,,88.5,88.5,023,NN,023,Tone->Tone,AM,5.00,,8.0W,Green Flag,,,,
224,16WPSAA,140.150000,off,0.600000,,88.5,88.5,023,NN,023,Tone->Tone,AM,5.00,,8.0W,16 WPS air-air,,,,
225,433WPS,140.175000,off,0.600000,,88.5,88.5,023,NN,023,Tone->Tone,AM,5.00,,8.0W,433 WPS Support,,,,
226,GreenFlg5,140.225000,off,0.600000,,88.5,88.5,023,NN,023,Tone->Tone,AM,5.00,,8.0W,Green Flag,,,,
227,66WPS2,140.275000,off,0.600000,,88.5,88.5,023,NN,023,Tone->Tone,AM,5.00,,8.0W,66 WPS,,,,
228,17WPSSup,140.325000,off,0.600000,,88.5,88.5,023,NN,023,Tone->Tone,AM,5.00,,8.0W,17 WPS Support,,,,
229,RedFlag6,140.375000,off,0.600000,,88.5,88.5,023,NN,023,Tone->Tone,AM,5.00,,8.0W,Red Flag 66 RQS,,,,
230,433WPS2,140.400000,off,0.600000,,88.5,88.5,023,NN,023,Tone->Tone,AM,5.00,,8.0W,433 WPS Support,,,,
231,422TESSup,140.450000,off,0.600000,,88.5,88.5,023,NN,023,Tone->Tone,AM,5.00,,8.0W,422 TES Support,,,,
232,RedFlagD,140.575000,off,0.600000,,88.5,88.5,023,NN,023,Tone->Tone,AM,5.00,,8.0W,Red Flag DGAR,,,,
233,AirExRap,140.625000,off,0.600000,,88.5,88.5,023,NN,023,Tone->Tone,AM,5.00,,8.0W,Air Exercise Raptor,,,,
234,433WPS3,140.700000,off,0.600000,,88.5,88.5,023,NN,023,Tone->Tone,AM,5.00,,8.0W,433 WPS Support,,,,
235,RedFlagD2,140.800000,off,0.600000,,88.5,88.5,023,NN,023,Tone->Tone,AM,5.00,,8.0W,Red Flag DGAR,,,,
236,422TES3,140.825000,off,0.600000,,88.5,88.5,023,NN,023,Tone->Tone,AM,5.00,,8.0W,422 TES,,,,
237,RedFlagD3,140.925000,off,0.600000,,88.5,88.5,023,NN,023,Tone->Tone,AM,5.00,,8.0W,Red Flag DGAR,,,,
238,422TES4,140.950000,off,0.600000,,88.5,88.5,023,NN,023,Tone->Tone,AM,5.00,,8.0W,422 TES,,,,
239,66WPSSup,140.975000,off,0.600000,,88.5,88.5,023,NN,023,Tone->Tone,AM,5.00,,8.0W,66 WPS Support,,,,
240,RedFlagS,141.000000,off,0.600000,,88.5,88.5,023,NN,023,Tone->Tone,AM,5.00,,8.0W,Red Flag SEAD,,,,
241,422TES5,141.025000,off,0.600000,,88.5,88.5,023,NN,023,Tone->Tone,AM,5.00,,8.0W,422 TES,,,,
242,GreenFlg6,141.050000,off,0.600000,,88.5,88.5,023,NN,023,Tone->Tone,AM,5.00,,8.0W,Green Flag,,,,
243,RedFlagD4,141.075000,off,0.600000,,88.5,88.5,023,NN,023,Tone->Tone,AM,5.00,,8.0W,Red Flag DGAR,,,,
244,RedFlagO2,141.150000,off,0.600000,,88.5,88.5,023,NN,023,Tone->Tone,AM,5.00,,8.0W,Red Flag ORANGE 4,,,,
245,TBirds2,141.175000,off,0.600000,,88.5,88.5,023,NN,023,Tone->Tone,AM,5.00,,8.0W,Thunderbirds secondary,,,,
246,RedFlagD5,141.375000,off,0.600000,,88.5,88.5,023,NN,023,Tone->Tone,AM,5.00,,8.0W,Red Flag DGAR,,,,
247,GreenFlg7,141.400000,off,0.600000,,88.5,88.5,023,NN,023,Tone->Tone,AM,5.00,,8.0W,Green Flag,,,,
248,RedFlagD6,141.475000,off,0.600000,,88.5,88.5,023,NN,023,Tone->Tone,AM,5.00,,8.0W,Red Flag DGAR,,,,
249,RedFlagAA,141.500000,off,0.600000,,88.5,88.5,023,NN,023,Tone->Tone,AM,5.00,,8.0W,Red Flag air-air,,,,
250,RedFlagDZ,141.575000,off,0.600000,,88.5,88.5,023,NN,023,Tone->Tone,AM,5.00,,8.0W,Red Flag DZ/LZ,,,,
251,WpnSchl,141.600000,off,0.600000,,88.5,88.5,023,NN,023,Tone->Tone,AM,5.00,,8.0W,Weapons School,,,,
252,16WPS4,141.625000,off,0.600000,,88.5,88.5,023,NN,023,Tone->Tone,AM,5.00,,8.0W,16 WPS,,,,
253,422TESSup2,141.650000,off,0.600000,,88.5,88.5,023,NN,023,Tone->Tone,AM,5.00,,8.0W,422 TES Support,,,,
254,64AGRS3,141.675000,off,0.600000,,88.5,88.5,023,NN,023,Tone->Tone,AM,5.00,,8.0W,64 AGRS,,,,
255,R4806Ctrl,141.700000,off,0.600000,,88.5,88.5,023,NN,023,Tone->Tone,AM,5.00,,8.0W,R-4806 Control,,,,
256,34WPS,141.775000,off,0.600000,,88.5,88.5,023,NN,023,Tone->Tone,AM,5.00,,8.0W,34 WPS,,,,
257,RedFlagD7,141.825000,off,0.600000,,88.5,88.5,023,NN,023,Tone->Tone,AM,5.00,,8.0W,Red Flag DGAR,,,,
258,422TESSup3,141.925000,off,0.600000,,88.5,88.5,023,NN,023,Tone->Tone,AM,5.00,,8.0W,422 TES Support,,,,
259,422TES6,141.950000,off,0.600000,,88.5,88.5,023,NN,023,Tone->Tone,AM,5.00,,8.0W,422 TES,,,,
260,USAFMARS,142.150000,off,0.600000,,88.5,88.5,023,NN,023,Tone->Tone,NFM,5.00,,8.0W,USAF MARS input,,,,
261,USAFMARS2,142.250000,off,0.600000,,88.5,88.5,023,NN,023,Tone->Tone,NFM,5.00,,8.0W,USAF MARS Simplex,,,,
262,USAFMARS3,142.275000,off,0.600000,,88.5,88.5,023,NN,023,Tone->Tone,NFM,5.00,,8.0W,USAF MARS input,,,,
263,RedFlagD8,142.325000,off,0.600000,,88.5,88.5,023,NN,023,Tone->Tone,AM,5.00,,8.0W,Red Flag DGAR,,,,
264,RedFlagC,142.525000,off,0.600000,,88.5,88.5,023,NN,023,Tone->Tone,AM,5.00,,8.0W,Red Flag CSAR Primary,,,,
265,RedFlag6,142.550000,off,0.600000,,88.5,88.5,023,NN,023,Tone->Tone,AM,5.00,,8.0W,Red Flag 66 RQS,,,,
266,SOFBull,142.750000,off,0.600000,,88.5,88.5,023,NN,023,Tone->Tone,AM,5.00,,8.0W,SOF Bullseye Control,,,,
267,SOFBull2,143.000000,off,0.600000,,88.5,88.5,023,NN,023,Tone->Tone,AM,5.00,,8.0W,SOF Bullseye Control,,,,
268,461FLTS,143.250000,off,0.600000,,88.5,88.5,023,NN,023,Tone->Tone,AM,5.00,,8.0W,461st FLTS,,,,
269,66WPS3,143.375000,off,0.600000,,88.5,88.5,023,NN,023,Tone->Tone,AM,5.00,,8.0W,66 WPS,,,,
270,USAFMARSo,143.450000,off,0.600000,,88.5,88.5,023,NN,023,Tone->Tone,NFM,5.00,,8.0W,USAF MARS output,,,,
271,RedFlagR2,143.525000,off,0.600000,,88.5,88.5,023,NN,023,Tone->Tone,AM,5.00,,8.0W,Red Flag Red Team,,,,
272,422TES7,143.600000,off,0.600000,,88.5,88.5,023,NN,023,Tone->Tone,AM,5.00,,8.0W,422 TES,,,,
273,RedFlagC2,143.750000,off,0.600000,,88.5,88.5,023,NN,023,Tone->Tone,AM,5.00,,8.0W,Red Flag CAS ADMIN,,,,
274,USAFMARS4,143.775000,off,0.600000,,88.5,88.5,023,NN,023,Tone->Tone,NFM,5.00,,8.0W,USAF MARS output,,,,
275,64AGRS4,143.825000,off,0.600000,,88.5,88.5,023,NN,023,Tone->Tone,AM,5.00,,8.0W,64 AGRS,,,,
276,ExCtrl,148.100000,off,0.600000,,88.5,88.5,023,NN,023,Tone->Tone,NFM,5.00,,8.0W,Exercise controller,,,,
277,CreechSOF,148.175000,off,0.600000,,88.5,88.5,023,NN,023,Tone->Tone,AM,5.00,,8.0W,Creech AFB SOF,,,,
278,ExCtrl2,148.200000,off,0.600000,,88.5,88.5,023,NN,023,Tone->Tone,NFM,5.00,,8.0W,Exercise controller,,,,
279,66RQS,148.250000,off,0.600000,,88.5,88.5,023,NN,023,Tone->Tone,AM,5.00,,8.0W,66 RQS,,,,
280,NellisRng2,148.500000,off,0.600000,,88.5,88.5,023,NN,023,Tone->Tone,NFM,5.00,,8.0W,Nellis Range Controller,,,,
281,WpnSchl2,148.600000,off,0.600000,,88.5,88.5,023,NN,023,Tone->Tone,AM,5.00,,8.0W,Weapons School,,,,
282,AirExNWS,148.750000,off,0.600000,,88.5,88.5,023,NN,023,Tone->Tone,AM,5.00,,8.0W,Air Exercise Nellis WS,,,,
283,AirExNWS2,148.800000,off,0.600000,,88.5,88.5,023,NN,023,Tone->Tone,AM,5.00,,8.0W,Air Exercise Nellis WS,,,,
284,66WPSSup2,148.850000,off,0.600000,,88.5,88.5,023,NN,023,Tone->Tone,AM,5.00,,8.0W,66 WPS Support,,,,
285,AirExNWS3,148.875000,off,0.600000,,88.5,88.5,023,NN,023,Tone->Tone,AM,5.00,,8.0W,Air Exercise Nellis WS,,,,
286,RedFlagD9,149.100000,off,0.600000,,88.5,88.5,023,NN,023,Tone->Tone,AM,5.00,,8.0W,Red Flag DGAR,,,,
287,422TES8,149.125000,off,0.600000,,88.5,88.5,023,NN,023,Tone->Tone,AM,5.00,,8.0W,422 TES,,,,
288,DrmlndAsp3,149.325000,off,0.600000,,88.5,88.5,023,NN,023,Tone->Tone,AM,5.00,,8.0W,Dreamland Airspace,,,,
289,RedFlagS2,149.400000,off,0.600000,,88.5,88.5,023,NN,023,Tone->Tone,AM,5.00,,8.0W,Red Flag SAO/DGAR,,,,
290,64AGRS5,149.525000,off,0.600000,,88.5,88.5,023,NN,023,Tone->Tone,AM,5.00,,8.0W,64 AGRS,,,,
291,RedFlagK,149.650000,off,0.600000,,88.5,88.5,023,NN,023,Tone->Tone,AM,5.00,,8.0W,Red Flag KC-135,,,,
292,R74AirAir,149.675000,off,0.600000,,88.5,88.5,023,NN,023,Tone->Tone,AM,5.00,,8.0W,Range 74 Air-Air,,,,
293,26WPSMQ,149.875000,off,0.600000,,88.5,88.5,023,NN,023,Tone->Tone,AM,5.00,,8.0W,26 WPS MQ-9,,,,
294,NellisRng3,150.175000,off,0.600000,,88.5,88.5,023,NN,023,Tone->Tone,NFM,5.00,,8.0W,Nellis Range Controller,,,,
295,BkGtRad,150.200000,off,0.600000,,88.5,88.5,023,NN,023,Tone->Tone,NFM,5.00,,8.0W,Back Gate radar,,,,
296,422TES9,150.500000,off,0.600000,,88.5,88.5,023,NN,023,Tone->Tone,AM,5.00,,8.0W,422 TES,,,,
297,RedFlag6,150.675000,off,0.600000,,88.5,88.5,023,NN,023,Tone->Tone,AM,5.00,,8.0W,Red Flag 66 RQS,,,,
298,LnCntyRd,150.995000,off,0.600000,,88.5,88.5,023,NN,023,Tone->Tone,NFM,5.00,,8.0W,Lincoln County Road Dept,,,,
299,HwyPatrol,151.040000,off,0.600000,,88.5,88.5,023,NN,023,Tone->Tone,NFM,5.00,,8.0W,Highway Patrol,,,,
300,RuralCopF,151.055000,off,0.600000,,88.5,88.5,023,NN,023,Tone->Tone,NFM,5.00,,8.0W,Rural Cops/Fire Dispatch,,,,
301,WldlfRpt,151.160000,off,0.600000,,88.5,88.5,023,NN,023,Tone->Tone,NFM,5.00,,8.0W,Wildlife Repeater,,,,
302,NHPAlamo,151.310000,off,0.600000,,88.5,88.5,023,NN,023,Tone->Tone,NFM,5.00,,8.0W,NHP Alamo Repeater,,,,
303,StPksRpt,151.340000,off,0.600000,,88.5,88.5,023,NN,023,Tone->Tone,NFM,5.00,,8.0W,State Parks Repeater,,,,
304,DOTRpt,151.355000,off,0.600000,,88.5,88.5,023,NN,023,Tone->Tone,NFM,5.00,,8.0W,DOT Repeater,,,,
305,WldlfRpt2,151.475000,off,0.600000,,88.5,88.5,023,NN,023,Tone->Tone,NFM,5.00,,8.0W,Wildlife Repeater,,,,
306,FirePara,153.845000,off,0.600000,,88.5,88.5,023,NN,023,Tone->Tone,NFM,5.00,,8.0W,Firefighters/Paramedics,,,,
307,AlamoFire,153.920000,off,0.600000,,88.5,88.5,023,NN,023,Tone->Tone,NFM,5.00,,8.0W,Alamo Fire Protection,,,,
308,AnmlCtrl,153.995000,off,0.600000,,88.5,88.5,023,NN,023,Tone->Tone,NFM,5.00,,8.0W,Animal Control,,,,
309,NHPAlamoI,154.010000,off,0.600000,,88.5,88.5,023,NN,023,Tone->Tone,NFM,5.00,,8.0W,NHP Alamo input,,,,
310,NHPAlamoO,154.055000,off,0.600000,,88.5,88.5,023,NN,023,Tone->Tone,NFM,5.00,,8.0W,NHP Alamo output,,,,
311,LnCntyShf,154.070000,off,0.600000,,88.5,88.5,023,NN,023,Tone->Tone,NFM,5.00,,8.0W,Lincoln County Sheriff,,,,
312,NyeCntySh,154.235000,off,0.600000,,88.5,88.5,023,NN,023,Tone->Tone,NFM,5.00,,8.0W,Nye County Sheriff,,,,
313,NHPAlamoO2,154.680000,off,0.600000,,88.5,88.5,023,NN,023,Tone->Tone,NFM,5.00,,8.0W,NHP Alamo output,,,,
314,NHPAlamoO3,154.740000,off,0.600000,,88.5,88.5,023,NN,023,Tone->Tone,NFM,5.00,,8.0W,NHP Alamo output,,,,
315,LEMutAid,154.770000,off,0.600000,,88.5,88.5,023,NN,023,Tone->Tone,NFM,5.00,,8.0W,Law Enforcement Mutual Aid,,,,
316,NHPTonopah,154.785000,off,0.600000,,88.5,88.5,023,NN,023,Tone->Tone,NFM,5.00,,8.0W,NHP Tonopah,,,,
317,RuralCopR,154.800000,off,0.600000,,88.5,88.5,023,NN,023,Tone->Tone,NFM,5.00,,8.0W,Rural Cops Repeater,,,,
318,NyeCntySh2,154.830000,off,0.600000,,88.5,88.5,023,NN,023,Tone->Tone,NFM,5.00,,8.0W,Nye County Sheriff,,,,
319,LnCntyShf2,154.860000,off,0.600000,,88.5,88.5,023,NN,023,Tone->Tone,NFM,5.00,,8.0W,Lincoln County Sheriff,,,,
320,NHPWarmSp,154.882500,off,0.600000,,88.5,88.5,023,NN,023,Tone->Tone,NFM,5.00,,8.0W,NHP Warm Springs,,,,
321,NHPHighlnd,154.905000,off,0.600000,,88.5,88.5,023,NN,023,Tone->Tone,NFM,5.00,,8.0W,NHP Highland Peak,,,,
322,NHPTonopah2,154.987500,off,0.600000,,88.5,88.5,023,NN,023,Tone->Tone,NFM,5.00,,8.0W,NHP Tonopah,,,,
323,FirePara2,154.995000,off,0.600000,,88.5,88.5,023,NN,023,Tone->Tone,NFM,5.00,,8.0W,Firefighters/Paramedics,,,,
324,NyeCntySh3,155.010000,off,0.600000,,88.5,88.5,023,NN,023,Tone->Tone,NFM,5.00,,8.0W,Nye County Sheriff,,,,
325,NHPWarmSp2,155.032500,off,0.600000,,88.5,88.5,023,NN,023,Tone->Tone,NFM,5.00,,8.0W,NHP Warm Springs,,,,
326,NHPHighlnd2,155.130000,off,0.600000,,88.5,88.5,023,NN,023,Tone->Tone,NFM,5.00,,8.0W,NHP Highland Peak,,,,
327,NHPAlamoI2,155.145000,off,0.600000,,88.5,88.5,023,NN,023,Tone->Tone,NFM,5.00,,8.0W,NHP Alamo input,,,,
328,SAR2,155.160000,off,0.600000,,88.5,88.5,023,NN,023,Tone->Tone,NFM,5.00,,8.0W,Search and Rescue,,,,
329,LnCntyShf3,155.205000,off,0.600000,,88.5,88.5,023,NN,023,Tone->Tone,NFM,5.00,,8.0W,Lincoln County Sheriff,,,,
330,NHPAlamoI3,155.355000,off,0.600000,,88.5,88.5,023,NN,023,Tone->Tone,NFM,5.00,,8.0W,NHP Alamo input,,,,
331,NyeCntySh4,155.430000,off,0.600000,,88.5,88.5,023,NN,023,Tone->Tone,NFM,5.00,,8.0W,Nye County Sheriffs,,,,
332,FedLawEnf,155.475000,off,0.600000,,88.5,88.5,023,NN,023,Tone->Tone,NFM,5.00,,8.0W,Federal Law Enforcement,,,,
333,LnCntyShf4,155.535000,off,0.600000,,88.5,88.5,023,NN,023,Tone->Tone,NFM,5.00,,8.0W,Lincoln County Sheriff,,,,
334,RuralCopD,155.625000,off,0.600000,,88.5,88.5,023,NN,023,Tone->Tone,NFM,5.00,,8.0W,Rural Cops Dispatch,,,,
335,BkGtRad2,155.650000,off,0.600000,,88.5,88.5,023,NN,023,Tone->Tone,NFM,5.00,,8.0W,Back Gate radar,,,,
336,LEMutAid2,155.655000,off,0.600000,,88.5,88.5,023,NN,023,Tone->Tone,NFM,5.00,,8.0W,Law Enforcement Mutual Aid,,,,
337,ParkRngrs,155.685000,off,0.600000,,88.5,88.5,023,NN,023,Tone->Tone,NFM,5.00,,8.0W,Park Rangers,,,,
338,NHPAlamoO4,155.700000,off,0.600000,,88.5,88.5,023,NN,023,Tone->Tone,NFM,5.00,,8.0W,NHP Alamo output,,,,
339,AlamoFireI,155.745000,off,0.600000,,88.5,88.5,023,NN,023,Tone->Tone,NFM,5.00,,8.0W,Alamo Fire input,,,,
340,NyeCntySh5,155.790000,off,0.600000,,88.5,88.5,023,NN,023,Tone->Tone,NFM,5.00,,8.0W,Nye County Sheriff,,,,
341,CopsNE,158.745000,off,0.600000,,88.5,88.5,023,NN,023,Tone->Tone,NFM,5.00,,8.0W,Cops Northeast Patrol,,,,
342,CopsAdmin,158.790000,off,0.600000,,88.5,88.5,023,NN,023,Tone->Tone,NFM,5.00,,8.0W,Cops Administration,,,,
343,NHPWarmI,158.820000,off,0.600000,,88.5,88.5,023,NN,023,Tone->Tone,NFM,5.00,,8.0W,NHP Warm Springs input,,,,
344,NHPAlamoI4,158.835000,off,0.600000,,88.5,88.5,023,NN,023,Tone->Tone,NFM,5.00,,8.0W,NHP Alamo/Highland input,,,,
345,LVPDGlnd,158.850000,off,0.600000,,88.5,88.5,023,NN,023,Tone->Tone,NFM,5.00,,8.0W,LVPD Glendale Repeater,,,,
346,NHPWarmI2,158.925000,off,0.600000,,88.5,88.5,023,NN,023,Tone->Tone,NFM,5.00,,8.0W,NHP Warm Springs input,,,,
347,NHPHighI,158.940000,off,0.600000,,88.5,88.5,023,NN,023,Tone->Tone,NFM,5.00,,8.0W,NHP Highland Peak input,,,,
348,NHPAlamoI5,158.970000,off,0.600000,,88.5,88.5,023,NN,023,Tone->Tone,NFM,5.00,,8.0W,NHP Alamo input,,,,
349,RoadDept,158.985000,off,0.600000,,88.5,88.5,023,NN,023,Tone->Tone,NFM,5.00,,8.0W,Road Department,,,,
350,NHPAlamoI6,159.030000,off,0.600000,,88.5,88.5,023,NN,023,Tone->Tone,NFM,5.00,,8.0W,NHP Alamo input,,,,
351,NHPAlamoO5,159.150000,off,0.600000,,88.5,88.5,023,NN,023,Tone->Tone,NFM,5.00,,8.0W,NHP Alamo output,,,,
352,NHPAlamoWS,159.420000,off,0.600000,,88.5,88.5,023,NN,023,Tone->Tone,NFM,5.00,,8.0W,NHP Alamo/Warm Springs,,,,
353,NOAAUtah,162.475000,off,0.600000,,88.5,88.5,023,NN,023,Tone->Tone,WFM,5.00,,8.0W,NOAA Weather Utah,,,,
354,NOAALasVeg,162.550000,off,0.600000,,88.5,88.5,023,NN,023,Tone->Tone,WFM,5.00,,8.0W,NOAA Weather Las Vegas,,,,
355,USGSSeis,163.800000,off,0.600000,,88.5,88.5,023,NN,023,Tone->Tone,NFM,5.00,,8.0W,USGS Seismic Sensor,,,,
356,BkGtRad3,165.900000,off,0.600000,,88.5,88.5,023,NN,023,Tone->Tone,NFM,5.00,,8.0W,Back Gate radar,,,,
357,FireDisp,166.375000,off,0.600000,,88.5,88.5,023,NN,023,Tone->Tone,NFM,5.00,,8.0W,Fire Dispatch,,,,
358,NTSOps,168.437500,off,0.600000,,88.5,88.5,023,NN,023,Tone->Tone,NFM,5.00,,8.0W,NTS Operations,,,,
359,FireWx,170.025000,off,0.600000,,88.5,88.5,023,NN,023,Tone->Tone,NFM,5.00,,8.0W,Fire Weather,,,,
360,NTTRFire,170.525000,off,0.600000,,88.5,88.5,023,NN,023,Tone->Tone,NFM,5.00,,8.0W,NTTR Fire Fighters,,,,
361,Seismic,171.220000,off,0.600000,,88.5,88.5,023,NN,023,Tone->Tone,NFM,5.00,,8.0W,Seismic Sensor,,,,
362,TonopahBS,171.725000,off,0.600000,,88.5,88.5,023,NN,023,Tone->Tone,NFM,5.00,,8.0W,Tonopah Base Station,,,,
363,BkGtRad4,180.400000,off,0.600000,,88.5,88.5,023,NN,023,Tone->Tone,NFM,5.00,,8.0W,Back Gate radar,,,,
364,NellisASN,216.725000,off,0.600000,,88.5,88.5,023,NN,023,Tone->Tone,NFM,5.00,,8.0W,Nellis Air Show Narration,,,,
365,NellisASC,216.975000,off,0.600000,,88.5,88.5,023,NN,023,Tone->Tone,NFM,5.00,,8.0W,Nellis Air Show Cockpit,,,,
366,VX9AA,225.300000,off,0.600000,,88.5,88.5,023,NN,023,Tone->Tone,AM,5.00,,8.0W,VX-9 air-air,,,,
367,RedFlagAM,225.325000,off,0.600000,,88.5,88.5,023,NN,023,Tone->Tone,AM,5.00,,8.0W,Red Flag AMC,,,,
368,RedFlagAW,225.350000,off,0.600000,,88.5,88.5,023,NN,023,Tone->Tone,AM,5.00,,8.0W,Red Flag AWACS,,,,
369,Rng65Ops,225.450000,off,0.600000,,88.5,88.5,023,NN,023,Tone->Tone,AM,5.00,,8.0W,Range 65 Operations,,,,
370,Rng74Ops,225.550000,off,0.600000,,88.5,88.5,023,NN,023,Tone->Tone,AM,5.00,,8.0W,Range 74 Operations,,,,
371,AWACSCkIn,225.575000,off,0.600000,,88.5,88.5,023,NN,023,Tone->Tone,AM,5.00,,8.0W,AWACS Check-in,,,,
372,DrmlndAAR,225.800000,off,0.600000,,88.5,88.5,023,NN,023,Tone->Tone,AM,5.00,,8.0W,Dreamland AAR Boom,,,,
373,CreechSOF2,226.100000,off,0.600000,,88.5,88.5,023,NN,023,Tone->Tone,AM,5.00,,8.0W,Creech AFB SOF,,,,
374,AirEx,226.225000,off,0.600000,,88.5,88.5,023,NN,023,Tone->Tone,AM,5.00,,8.0W,Air Exercise,,,,
375,RedFlagAA2,226.450000,off,0.600000,,88.5,88.5,023,NN,023,Tone->Tone,AM,5.00,,8.0W,Red Flag air-air,,,,
376,RedFlagAA3,226.875000,off,0.600000,,88.5,88.5,023,NN,023,Tone->Tone,AM,5.00,,8.0W,Red Flag air-air,,,,
377,RedFlagAW2,227.050000,off,0.600000,,88.5,88.5,023,NN,023,Tone->Tone,AM,5.00,,8.0W,Red Flag AWACS,,,,
378,Rng74Ops2,228.000000,off,0.600000,,88.5,88.5,023,NN,023,Tone->Tone,AM,5.00,,8.0W,Range 74 Operations,,,,
379,RedFlagB24,228.200000,off,0.600000,,88.5,88.5,023,NN,023,Tone->Tone,AM,5.00,,8.0W,Red Flag BEIGE 24,,,,
380,RedFlag2,228.275000,off,0.600000,,88.5,88.5,023,NN,023,Tone->Tone,AM,5.00,,8.0W,Red Flag Ops,,,,
381,NellisTkr,228.450000,off,0.600000,,88.5,88.5,023,NN,023,Tone->Tone,AM,5.00,,8.0W,Nellis Tanker Ops,,,,
382,AAR,228.500000,off,0.600000,,88.5,88.5,023,NN,023,Tone->Tone,AM,5.00,,8.0W,Aerial Refueling,,,,
383,414CTSTac,228.800000,off,0.600000,,88.5,88.5,023,NN,023,Tone->Tone,AM,5.00,,8.0W,414th CTS Tactical,,,,
384,DrmlndAAR2,228.950000,off,0.600000,,88.5,88.5,023,NN,023,Tone->Tone,AM,5.00,,8.0W,Dreamland AAR Control,,,,
385,Nellis16,229.000000,off,0.600000,,88.5,88.5,023,NN,023,Tone->Tone,AM,5.00,,8.0W,Nellis 16 WPS Ops,,,,
386,RedFlagF,229.250000,off,0.600000,,88.5,88.5,023,NN,023,Tone->Tone,AM,5.00,,8.0W,Red Flag FAC east,,,,
387,RedFlagAA4,229.700000,off,0.600000,,88.5,88.5,023,NN,023,Tone->Tone,AM,5.00,,8.0W,Red Flag air-air,,,,
388,26WPSMQ2,230.025000,off,0.600000,,88.5,88.5,023,NN,023,Tone->Tone,AM,5.00,,8.0W,26 WPS MQ-9,,,,
389,RedFlagJ,231.100000,off,0.600000,,88.5,88.5,023,NN,023,Tone->Tone,AM,5.00,,8.0W,Red Flag JICO,,,,
390,RedFlagAA5,231.750000,off,0.600000,,88.5,88.5,023,NN,023,Tone->Tone,AM,5.00,,8.0W,Red Flag air-air,,,,
391,RedFlagAW3,233.450000,off,0.600000,,88.5,88.5,023,NN,023,Tone->Tone,AM,5.00,,8.0W,Red Flag AWACS Secondary,,,,
392,FltTestSp,233.525000,off,0.600000,,88.5,88.5,023,NN,023,Tone->Tone,AM,5.00,,8.0W,Flight Test Support,,,,
393,34WPS2,233.600000,off,0.600000,,88.5,88.5,023,NN,023,Tone->Tone,AM,5.00,,8.0W,34 WPS,,,,
394,TTRBase,233.950000,off,0.600000,,88.5,88.5,023,NN,023,Tone->Tone,AM,5.00,,8.0W,TTR Base Ops,,,,
395,Rng62Ops,234.250000,off,0.600000,,88.5,88.5,023,NN,023,Tone->Tone,AM,5.00,,8.0W,Range 62 Operations,,,,
396,CoyoteMOA,234.325000,off,0.600000,,88.5,88.5,023,NN,023,Tone->Tone,AM,5.00,,8.0W,Coyote MOA Control,,,,
397,414CTSTac2,234.800000,off,0.600000,,88.5,88.5,023,NN,023,Tone->Tone,AM,5.00,,8.0W,414th CTS Tactical,,,,
398,NellisSqC,234.900000,off,0.600000,,88.5,88.5,023,NN,023,Tone->Tone,AM,5.00,,8.0W,Nellis Squadron Common,,,,
399,RedFlagAA6,234.975000,off,0.600000,,88.5,88.5,023,NN,023,Tone->Tone,AM,5.00,,8.0W,Red Flag air-air,,,,
400,WpnSchAAR,235.200000,off,0.600000,,88.5,88.5,023,NN,023,Tone->Tone,AM,5.00,,8.0W,Weapons School AAR,,,,
401,TBirds2,235.250000,off,0.600000,,88.5,88.5,023,NN,023,Tone->Tone,AM,5.00,,8.0W,Thunderbirds Air Show,,,,
402,NASAAG,235.400000,off,0.600000,,88.5,88.5,023,NN,023,Tone->Tone,AM,5.00,,8.0W,NASA air-ground,,,,
403,CreechSOF3,235.750000,off,0.600000,,88.5,88.5,023,NN,023,Tone->Tone,AM,5.00,,8.0W,Creech AFB SOF,,,,
404,RedFlagAA7,235.950000,off,0.600000,,88.5,88.5,023,NN,023,Tone->Tone,AM,5.00,,8.0W,Red Flag air-air,,,,
405,RedFlag66,236.000000,off,0.600000,,88.5,88.5,023,NN,023,Tone->Tone,AM,5.00,,8.0W,Red Flag 66 RQS Ops,,,,
406,422TESOps,236.100000,off,0.600000,,88.5,88.5,023,NN,023,Tone->Tone,AM,5.00,,8.0W,422 TES Ops,,,,
407,DrmlndMsn,236.500000,off,0.600000,,88.5,88.5,023,NN,023,Tone->Tone,AM,5.00,,8.0W,Dreamland Mission,,,,
408,VX9Ex,236.600000,off,0.600000,,88.5,88.5,023,NN,023,Tone->Tone,AM,5.00,,8.0W,VX-9 Exercise,,,,
409,SlowMover,236.850000,off,0.600000,,88.5,88.5,023,NN,023,Tone->Tone,AM,5.00,,8.0W,Slow movers air-air,,,,
410,Darkstar,236.950000,off,0.600000,,88.5,88.5,023,NN,023,Tone->Tone,AM,5.00,,8.0W,Darkstar controller,,,,
411,RedFlagAW4,237.050000,off,0.600000,,88.5,88.5,023,NN,023,Tone->Tone,AM,5.00,,8.0W,Red Flag AWACS,,,,
412,RedFlagAA8,237.125000,off,0.600000,,88.5,88.5,023,NN,023,Tone->Tone,AM,5.00,,8.0W,Red Flag air-air,,,,
413,RedFlag3,237.300000,off,0.600000,,88.5,88.5,023,NN,023,Tone->Tone,AM,5.00,,8.0W,Red Flag Ops,,,,
414,RedFlagAW5,237.600000,off,0.600000,,88.5,88.5,023,NN,023,Tone->Tone,AM,5.00,,8.0W,Red Flag AWACS/Ops,,,,
415,AirExAA,237.625000,off,0.600000,,88.5,88.5,023,NN,023,Tone->Tone,AM,5.00,,8.0W,Air Exercise Air-Air,,,,
416,AirExOps,238.325000,off,0.600000,,88.5,88.5,023,NN,023,Tone->Tone,AM,5.00,,8.0W,Air Exercise Ops,,,,
417,RedFlagF2,238.650000,off,0.600000,,88.5,88.5,023,NN,023,Tone->Tone,AM,5.00,,8.0W,Red Flag FAC east,,,,
418,RedFlagB,238.675000,off,0.600000,,88.5,88.5,023,NN,023,Tone->Tone,AM,5.00,,8.0W,Red Flag Blue Air Ops,,,,
419,ExAA,238.700000,off,0.600000,,88.5,88.5,023,NN,023,Tone->Tone,AM,5.00,,8.0W,Exercise air-air,,,,
420,AlamoMOA,238.800000,off,0.600000,,88.5,88.5,023,NN,023,Tone->Tone,AM,5.00,,8.0W,Alamo MOA Control,,,,
421,DrmlndMsn2,238.950000,off,0.600000,,88.5,88.5,023,NN,023,Tone->Tone,AM,5.00,,8.0W,Dreamland Mission,,,,
422,RedFlagR3,239.375000,off,0.600000,,88.5,88.5,023,NN,023,Tone->Tone,AM,5.00,,8.0W,Red Flag Red Team AWACS,,,,
423,RedFlag4,239.400000,off,0.600000,,88.5,88.5,023,NN,023,Tone->Tone,AM,5.00,,8.0W,Red Flag Ops,,,,
424,RedFlagAA9,239.600000,off,0.600000,,88.5,88.5,023,NN,023,Tone->Tone,AM,5.00,,8.0W,Red Flag air-air,,,,
425,34WPS3,239.700000,off,0.600000,,88.5,88.5,023,NN,023,Tone->Tone,AM,5.00,,8.0W,34 WPS,,,,
426,PMSVWx,239.800000,off,0.600000,,88.5,88.5,023,NN,023,Tone->Tone,AM,5.00,,8.0W,PMSV Metro Weather,,,,
427,DrmlndMsn3,239.850000,off,0.600000,,88.5,88.5,023,NN,023,Tone->Tone,AM,5.00,,8.0W,Dreamland Mission,,,,
428,RedFlagR4,239.875000,off,0.600000,,88.5,88.5,023,NN,023,Tone->Tone,AM,5.00,,8.0W,Red Flag Red Team,,,,
429,DrmlndAAR3,240.100000,off,0.600000,,88.5,88.5,023,NN,023,Tone->Tone,AM,5.00,,8.0W,Dreamland AAR Boom,,,,
430,RedFlagB2,240.175000,off,0.600000,,88.5,88.5,023,NN,023,Tone->Tone,AM,5.00,,8.0W,Red Flag Blue Team,,,,
431,AggrSec,240.300000,off,0.600000,,88.5,88.5,023,NN,023,Tone->Tone,AM,5.00,,8.0W,Aggressor secondary,,,,
432,ANG,241.000000,off,0.600000,,88.5,88.5,023,NN,023,Tone->Tone,AM,5.00,,8.0W,Army National Guard,,,,
433,ACC,242.200000,off,0.600000,,88.5,88.5,023,NN,023,Tone->Tone,AM,5.00,,8.0W,Air Combat Command,,,,
434,MilAirEm,243.000000,off,0.600000,,88.5,88.5,023,NN,023,Tone->Tone,AM,5.00,,8.0W,Military Aircraft Emergency,,,,
435,Rng64AA,243.300000,off,0.600000,,88.5,88.5,023,NN,023,Tone->Tone,AM,5.00,,8.0W,Range 64 air-air,,,,
436,RedFlagAA10,244.300000,off,0.600000,,88.5,88.5,023,NN,023,Tone->Tone,AM,5.00,,8.0W,Red Flag air-air,,,,
437,RedFlagAA11,245.150000,off,0.600000,,88.5,88.5,023,NN,023,Tone->Tone,AM,5.00,,8.0W,Red Flag air-air,,,,
438,RedFlag66,245.650000,off,0.600000,,88.5,88.5,023,NN,023,Tone->Tone,AM,5.00,,8.0W,Red Flag 66 RQS,,,,
439,NationAA,246.900000,off,0.600000,,88.5,88.5,023,NN,023,Tone->Tone,AM,5.00,,8.0W,Nationwide air-air,,,,
440,RedFlagAA12,248.600000,off,0.600000,,88.5,88.5,023,NN,023,Tone->Tone,AM,5.00,,8.0W,Red Flag air-air,,,,
441,AirExR250,249.775000,off,0.600000,,88.5,88.5,023,NN,023,Tone->Tone,AM,5.00,,8.0W,Air Exercise R-2508,,,,
442,422TES10,249.800000,off,0.600000,,88.5,88.5,023,NN,023,Tone->Tone,AM,5.00,,8.0W,422 TES,,,,
443,422TES11,250.575000,off,0.600000,,88.5,88.5,023,NN,023,Tone->Tone,AM,5.00,,8.0W,422 TES,,,,
444,422TESAA,250.850000,off,0.600000,,88.5,88.5,023,NN,023,Tone->Tone,AM,5.00,,8.0W,422 TES Air-Air,,,,
445,GreenFlg8,251.200000,off,0.600000,,88.5,88.5,023,NN,023,Tone->Tone,AM,5.00,,8.0W,Green Flag Ops,,,,
446,Edw411,251.350000,off,0.600000,,88.5,88.5,023,NN,023,Tone->Tone,AM,5.00,,8.0W,Edwards 411 FLTS,,,,
447,RedFlag66,251.900000,off,0.600000,,88.5,88.5,023,NN,023,Tone->Tone,AM,5.00,,8.0W,Red Flag 66 RQS Ops,,,,
448,64AGRS6,252.100000,off,0.600000,,88.5,88.5,023,NN,023,Tone->Tone,AM,5.00,,8.0W,64 AGRS Ops,,,,
449,AirEx2,252.200000,off,0.600000,,88.5,88.5,023,NN,023,Tone->Tone,AM,5.00,,8.0W,Air Exercise,,,,
450,RedFlagAA13,252.525000,off,0.600000,,88.5,88.5,023,NN,023,Tone->Tone,AM,5.00,,8.0W,Red Flag air-air,,,,
451,RedFlagV,252.550000,off,0.600000,,88.5,88.5,023,NN,023,Tone->Tone,AM,5.00,,8.0W,Red Flag VAQ-134,,,,
452,66RQS2,252.800000,off,0.600000,,88.5,88.5,023,NN,023,Tone->Tone,AM,5.00,,8.0W,66 RQS,,,,
453,422TES12,253.200000,off,0.600000,,88.5,88.5,023,NN,023,Tone->Tone,AM,5.00,,8.0W,422 TES,,,,
454,RedFlagR5,253.700000,off,0.600000,,88.5,88.5,023,NN,023,Tone->Tone,AM,5.00,,8.0W,Red Flag RED 3,,,,
455,KLASGrnd3,254.300000,off,0.600000,,88.5,88.5,023,NN,023,Tone->Tone,AM,5.00,,8.0W,KLAS Ground Control,,,,
456,NellisCtl,254.400000,off,0.600000,,88.5,88.5,023,NN,023,Tone->Tone,AM,5.00,,8.0W,Nellis Control West,,,,
457,RedFlagR6,254.475000,off,0.600000,,88.5,88.5,023,NN,023,Tone->Tone,AM,5.00,,8.0W,Red Flag RED 4,,,,
458,Area51,254.900000,off,0.600000,,88.5,88.5,023,NN,023,Tone->Tone,AM,5.00,,8.0W,Area 51 Mission Control,,,,
459,MilEnrtAA,255.125000,off,0.600000,,88.5,88.5,023,NN,023,Tone->Tone,AM,5.00,,8.0W,Military enroute air-air,,,,
460,66WPS4,255.300000,off,0.600000,,88.5,88.5,023,NN,023,Tone->Tone,AM,5.00,,8.0W,66 WPS,,,,
461,NellisUNI,255.400000,off,0.600000,,88.5,88.5,023,NN,023,Tone->Tone,AM,5.00,,8.0W,Nellis UNICOM,,,,
462,DrmlndBk2,255.500000,off,0.600000,,88.5,88.5,023,NN,023,Tone->Tone,AM,5.00,,8.0W,Dreamland Mission backup,,,,
463,DrmlndBk3,255.600000,off,0.600000,,88.5,88.5,023,NN,023,Tone->Tone,AM,5.00,,8.0W,Dreamland Mission backup,,,,
464,RedFlagAW6,255.700000,off,0.600000,,88.5,88.5,023,NN,023,Tone->Tone,AM,5.00,,8.0W,Red Flag AWACS Darkstar,,,,
465,422TES13,255.725000,off,0.600000,,88.5,88.5,023,NN,023,Tone->Tone,AM,5.00,,8.0W,422 TES,,,,
466,DrmlndPr,255.800000,off,0.600000,,88.5,88.5,023,NN,023,Tone->Tone,AM,5.00,,8.0W,Dreamland Mission Prime,,,,
467,NthRngMOA,255.950000,off,0.600000,,88.5,88.5,023,NN,023,Tone->Tone,AM,5.00,,8.0W,Northern Ranges MOA,,,,
468,AirExStrk,256.150000,off,0.600000,,88.5,88.5,023,NN,023,Tone->Tone,AM,5.00,,8.0W,Air Exercise air strike,,,,
469,AirExAA2,256.250000,off,0.600000,,88.5,88.5,023,NN,023,Tone->Tone,AM,5.00,,8.0W,Air Exercise Air-Air,,,,
470,JoshCtrlS2,256.800000,off,0.600000,,88.5,88.5,023,NN,023,Tone->Tone,AM,5.00,,8.0W,Joshua Control Saline MOA,,,,
471,DrmlndAAR4,257.000000,off,0.600000,,88.5,88.5,023,NN,023,Tone->Tone,AM,5.00,,8.0W,Dreamland AAR Prime,,,,
472,Edw418,257.075000,off,0.600000,,88.5,88.5,023,NN,023,Tone->Tone,AM,5.00,,8.0W,Edwards 418 FLTS,,,,
473,17WPS2,257.100000,off,0.600000,,88.5,88.5,023,NN,023,Tone->Tone,AM,5.00,,8.0W,17 WPS,,,,
474,AMCCmd,257.350000,off,0.600000,,88.5,88.5,023,NN,023,Tone->Tone,AM,5.00,,8.0W,AMC Command post,,,,
475,LACentr8,257.675000,off,0.600000,,88.5,88.5,023,NN,023,Tone->Tone,AM,5.00,,8.0W,LA Center,,,,
476,SLCentr12,257.700000,off,0.600000,,88.5,88.5,023,NN,023,Tone->Tone,AM,5.00,,8.0W,Salt Lake Center,,,,
477,KLASCTwr3,257.800000,off,0.600000,,88.5,88.5,023,NN,023,Tone->Tone,AM,5.00,,8.0W,KLAS Control Tower,,,,
478,OaklCent11,257.850000,off,0.600000,,88.5,88.5,023,NN,023,Tone->Tone,AM,5.00,,8.0W,Oakland Center,,,,
479,SilverTwr2,257.950000,off,0.600000,,88.5,88.5,023,NN,023,Tone->Tone,AM,5.00,,8.0W,Silverbow Tower,,,,
480,EnrtAA,258.200000,off,0.600000,,88.5,88.5,023,NN,023,Tone->Tone,AM,5.00,,8.0W,Enroute air-air,,,,
481,26WPSMQ3,258.675000,off,0.600000,,88.5,88.5,023,NN,023,Tone->Tone,AM,5.00,,8.0W,26 WPS MQ-9,,,,
482,BlackFlag,258.900000,off,0.600000,,88.5,88.5,023,NN,023,Tone->Tone,AM,5.00,,8.0W,Black Flag,,,,
483,RedFlag66,259.000000,off,0.600000,,88.5,88.5,023,NN,023,Tone->Tone,AM,5.00,,8.0W,Red Flag 66 RQS Ops,,,,
484,NellisRng,259.400000,off,0.600000,,88.5,88.5,023,NN,023,Tone->Tone,AM,5.00,,8.0W,Nellis Range Control,,,,
485,CoyoteAux,259.450000,off,0.600000,,88.5,88.5,023,NN,023,Tone->Tone,AM,5.00,,8.0W,Coyote MOA aux,,,,
486,RedFlagV2,259.800000,off,0.600000,,88.5,88.5,023,NN,023,Tone->Tone,AM,5.00,,8.0W,Red Flag VAQ-134,,,,
487,AMCCmd,259.950000,off,0.600000,,88.5,88.5,023,NN,023,Tone->Tone,AM,5.00,,8.0W,AMC Command post,,,,
488,433WPS4,260.100000,off,0.600000,,88.5,88.5,023,NN,023,Tone->Tone,AM,5.00,,8.0W,433 WPS,,,,
489,RedFlagC3,260.250000,off,0.600000,,88.5,88.5,023,NN,023,Tone->Tone,AM,5.00,,8.0W,Red Flag Comms,,,,
490,DrmlndMOA,261.100000,off,0.600000,,88.5,88.5,023,NN,023,Tone->Tone,AM,5.00,,8.0W,Dreamland MOA Control,,,,
491,RedFlagV3,261.375000,off,0.600000,,88.5,88.5,023,NN,023,Tone->Tone,AM,5.00,,8.0W,Red Flag VAQ-134,,,,
492,RedFlagAA14,262.625000,off,0.600000,,88.5,88.5,023,NN,023,Tone->Tone,AM,5.00,,8.0W,Red Flag air-air,,,,
493,433WPS5,262.650000,off,0.600000,,88.5,88.5,023,NN,023,Tone->Tone,AM,5.00,,8.0W,433 WPS,,,,
494,AirExCtrl,262.700000,off,0.600000,,88.5,88.5,023,NN,023,Tone->Tone,AM,5.00,,8.0W,Air Exercise Control,,,,
495,64AGRS7,262.750000,off,0.600000,,88.5,88.5,023,NN,023,Tone->Tone,AM,5.00,,8.0W,64 AGRS,,,,
496,DsrtRng,263.600000,off,0.600000,,88.5,88.5,023,NN,023,Tone->Tone,AM,5.00,,8.0W,Desert Range Control,,,,
497,F117Dog,264.225000,off,0.600000,,88.5,88.5,023,NN,023,Tone->Tone,AM,5.00,,8.0W,F-117 dogfighting,,,,
498,WpnSchl3,264.850000,off,0.600000,,88.5,88.5,023,NN,023,Tone->Tone,AM,5.00,,8.0W,Weapons School,,,,
499,422TESAA2,265.175000,off,0.600000,,88.5,88.5,023,NN,023,Tone->Tone,AM,5.00,,8.0W,422 TES air-air,,,,
500,Area51Asp,265.500000,off,0.600000,,88.5,88.5,023,NN,023,Tone->Tone,AM,5.00,,8.0W,Area 51 Airspace Control,,,,
501,WpnSchl4,265.700000,off,0.600000,,88.5,88.5,023,NN,023,Tone->Tone,AM,5.00,,8.0W,Weapons School,,,,
502,RedFlagV4,265.975000,off,0.600000,,88.5,88.5,023,NN,023,Tone->Tone,AM,5.00,,8.0W,Red Flag VAQ-134,,,,
503,RedFlagB3,266.000000,off,0.600000,,88.5,88.5,023,NN,023,Tone->Tone,AM,5.00,,8.0W,Red Flag BLUE 4,,,,
504,422TESAA3,266.100000,off,0.600000,,88.5,88.5,023,NN,023,Tone->Tone,AM,5.00,,8.0W,422 TES air-air,,,,
505,433WPS6,266.600000,off,0.600000,,88.5,88.5,023,NN,023,Tone->Tone,AM,5.00,,8.0W,433 WPS,,,,
506,RedFlagV5,267.100000,off,0.600000,,88.5,88.5,023,NN,023,Tone->Tone,AM,5.00,,8.0W,Red Flag VAQ-134,,,,
507,RedFlagV6,267.150000,off,0.600000,,88.5,88.5,023,NN,023,Tone->Tone,AM,5.00,,8.0W,Red Flag VMFA-211,,,,
508,RedFlagV7,267.475000,off,0.600000,,88.5,88.5,023,NN,023,Tone->Tone,AM,5.00,,8.0W,Red Flag VMFA-211,,,,
509,RedFlagAD,267.525000,off,0.600000,,88.5,88.5,023,NN,023,Tone->Tone,AM,5.00,,8.0W,Red Flag Air Drop,,,,
510,RedFlagAC,267.600000,off,0.600000,,88.5,88.5,023,NN,023,Tone->Tone,AM,5.00,,8.0W,Red Flag AWACS Chalice,,,,
511,Rng63/64,268.000000,off,0.600000,,88.5,88.5,023,NN,023,Tone->Tone,AM,5.00,,8.0W,Range 63/64 Operations,,,,
512,ElginMOA,268.200000,off,0.600000,,88.5,88.5,023,NN,023,Tone->Tone,AM,5.00,,8.0W,Elgin MOA Control,,,,
513,USMCAA,268.300000,off,0.600000,,88.5,88.5,023,NN,023,Tone->Tone,AM,5.00,,8.0W,USMC air-air,,,,
514,AirExOps2,268.500000,off,0.600000,,88.5,88.5,023,NN,023,Tone->Tone,AM,5.00,,8.0W,Air Exercise Ops,,,,
515,RTOShow,268.800000,off,0.600000,,88.5,88.5,023,NN,023,Tone->Tone,AM,5.00,,8.0W,RTO Showtime,,,,
516,WpnSchDrp,268.950000,off,0.600000,,88.5,88.5,023,NN,023,Tone->Tone,AM,5.00,,8.0W,Weapons School drops,,,,
517,414CTSTac3,269.000000,off,0.600000,,88.5,88.5,023,NN,023,Tone->Tone,AM,5.00,,8.0W,414th CTS Tactical,,,,
518,SLCentr13,269.175000,off,0.600000,,88.5,88.5,023,NN,023,Tone->Tone,AM,5.00,,8.0W,Salt Lake Center,,,,
519,SLCentr14,269.250000,off,0.600000,,88.5,88.5,023,NN,023,Tone->Tone,AM,5.00,,8.0W,Salt Lake Center,,,,
520,SLCentr15,269.275000,off,0.600000,,88.5,88.5,023,NN,023,Tone->Tone,AM,5.00,,8.0W,Salt Lake Center,,,,
521,OaklCent12,269.300000,off,0.600000,,88.5,88.5,023,NN,023,Tone->Tone,AM,5.00,,8.0W,Oakland Center,,,,
522,RedTmTkr,269.400000,off,0.600000,,88.5,88.5,023,NN,023,Tone->Tone,AM,5.00,,8.0W,Red Team tankers,,,,
523,RedFlag55,269.850000,off,0.600000,,88.5,88.5,023,NN,023,Tone->Tone,AM,5.00,,8.0W,Red Flag 55FS,,,,
524,RedFlagMiG,270.025000,off,0.600000,,88.5,88.5,023,NN,023,Tone->Tone,AM,5.00,,8.0W,Red Flag MiG Ops,,,,
525,NellisATIS,270.100000,off,0.600000,,88.5,88.5,023,NN,023,Tone->Tone,AM,5.00,,8.0W,Nellis ATIS,,,,
526,RedFlagSD,270.725000,off,0.600000,,88.5,88.5,023,NN,023,Tone->Tone,AM,5.00,,8.0W,Red Flag SEAD,,,,
527,KLASGrnd4,270.800000,off,0.600000,,88.5,88.5,023,NN,023,Tone->Tone,AM,5.00,,8.0W,KLAS Ground Control,,,,
528,ExAA2,271.000000,off,0.600000,,88.5,88.5,023,NN,023,Tone->Tone,AM,5.00,,8.0W,Exercise air-air,,,,
529,AirExR2502,271.550000,off,0.600000,,88.5,88.5,023,NN,023,Tone->Tone,AM,5.00,,8.0W,Air Exercise R-2508,,,,
530,414CTSTac4,271.600000,off,0.600000,,88.5,88.5,023,NN,023,Tone->Tone,AM,5.00,,8.0W,414th CTS Tactical,,,,
531,AAR2,272.175000,off,0.600000,,88.5,88.5,023,NN,023,Tone->Tone,AM,5.00,,8.0W,Aerial Refueling,,,,
532,OaklCent13,273.450000,off,0.600000,,88.5,88.5,023,NN,023,Tone->Tone,AM,5.00,,8.0W,Oakland Center,,,,
533,NellisAppE,273.550000,off,0.600000,,88.5,88.5,023,NN,023,Tone->Tone,AM,5.00,,8.0W,Nellis Approach East,,,,
534,Rng63/64S,274.875000,off,0.600000,,88.5,88.5,023,NN,023,Tone->Tone,AM,5.00,,8.0W,Range 63/64 Secondary,,,,
535,NellisGnd,275.800000,off,0.600000,,88.5,88.5,023,NN,023,Tone->Tone,AM,5.00,,8.0W,Nellis Ground Control,,,,
536,DrmlndMsnP,275.850000,off,0.600000,,88.5,88.5,023,NN,023,Tone->Tone,AM,5.00,,8.0W,Dreamland Mission Prime,,,,
537,422TESAA4,275.900000,off,0.600000,,88.5,88.5,023,NN,023,Tone->Tone,AM,5.00,,8.0W,422 TES air-air,,,,
538,RedFlagAG,276.050000,off,0.600000,,88.5,88.5,023,NN,023,Tone->Tone,AM,5.00,,8.0W,Red Flag Air-Ground,,,,
539,AirExOps3,276.350000,off,0.600000,,88.5,88.5,023,NN,023,Tone->Tone,AM,5.00,,8.0W,Air Exercise Ops,,,,
540,AAR3,276.400000,off,0.600000,,88.5,88.5,023,NN,023,Tone->Tone,AM,5.00,,8.0W,Aerial Refueling,,,,
541,RedFlagR7,276.850000,off,0.600000,,88.5,88.5,023,NN,023,Tone->Tone,AM,5.00,,8.0W,Red Flag RED 7,,,,
542,AirExAA4,277.100000,off,0.600000,,88.5,88.5,023,NN,023,Tone->Tone,AM,5.00,,8.0W,Air Exercise Air-Air,,,,
543,RedFlagV8,277.500000,off,0.600000,,88.5,88.5,023,NN,023,Tone->Tone,AM,5.00,,8.0W,Red Flag VMFA-211,,,,
544,RedFlagAD2,277.625000,off,0.600000,,88.5,88.5,023,NN,023,Tone->Tone,AM,5.00,,8.0W,Red Flag AWACS Darkstar,,,,
545,414CTSAir,277.800000,off,0.600000,,88.5,88.5,023,NN,023,Tone->Tone,AM,5.00,,8.0W,414th CTS Airboss,,,,
546,NellisTac,278.200000,off,0.600000,,88.5,88.5,023,NN,023,Tone->Tone,AM,5.00,,8.0W,Nellis Tactical,,,,
547,422TES14,278.400000,off,0.600000,,88.5,88.5,023,NN,023,Tone->Tone,AM,5.00,,8.0W,422 TES,,,,
548,RedFlag393,278.425000,off,0.600000,,88.5,88.5,023,NN,023,Tone->Tone,AM,5.00,,8.0W,Red Flag 393 BS,,,,
549,AirExAA5,278.700000,off,0.600000,,88.5,88.5,023,NN,023,Tone->Tone,AM,5.00,,8.0W,Air Exercise Air-Air,,,,
550,VX9Msn,278.975000,off,0.600000,,88.5,88.5,023,NN,023,Tone->Tone,AM,5.00,,8.0W,VX-9 mission,,,,
551,LACentr9,279.600000,off,0.600000,,88.5,88.5,023,NN,023,Tone->Tone,AM,5.00,,8.0W,LA Center,,,,
552,AirExDrop,280.350000,off,0.600000,,88.5,88.5,023,NN,023,Tone->Tone,AM,5.00,,8.0W,Air Exercise air drop,,,,
553,ElginMOA2,281.025000,off,0.600000,,88.5,88.5,023,NN,023,Tone->Tone,AM,5.00,,8.0W,Elgin MOA Control,,,,
554,422TESAA5,281.250000,off,0.600000,,88.5,88.5,023,NN,023,Tone->Tone,AM,5.00,,8.0W,422 TES air-air,,,,
555,OaklCent14,281.500000,off,0.600000,,88.5,88.5,023,NN,023,Tone->Tone,AM,5.00,,8.0W,Oakland Center,,,,
556,WpnSchAA,281.725000,off,0.600000,,88.5,88.5,023,NN,023,Tone->Tone,AM,5.00,,8.0W,Weapons School Air-Air,,,,
557,AirExAWACS,281.750000,off,0.600000,,88.5,88.5,023,NN,023,Tone->Tone,AM,5.00,,8.0W,Air Exercise AWACS,,,,
558,KLASAppE2,282.200000,off,0.600000,,88.5,88.5,023,NN,023,Tone->Tone,AM,5.00,,8.0W,KLAS Approach East,,,,
559,ACC2,282.500000,off,0.600000,,88.5,88.5,023,NN,023,Tone->Tone,AM,5.00,,8.0W,Air Combat Command,,,,
560,AirGrndOps,282.600000,off,0.600000,,88.5,88.5,023,NN,023,Tone->Tone,AM,5.00,,8.0W,Air-ground Ops,,,,
561,SqdnCmd,283.000000,off,0.600000,,88.5,88.5,023,NN,023,Tone->Tone,AM,5.00,,8.0W,Squadron Command Post,,,,
562,MAFEX2,283.750000,off,0.600000,,88.5,88.5,023,NN,023,Tone->Tone,AM,5.00,,8.0W,MAFEX Check-In,,,,
563,64AGRSMiG,283.800000,off,0.600000,,88.5,88.5,023,NN,023,Tone->Tone,AM,5.00,,8.0W,64 AGRS MiG Ops,,,,
564,RedFlagV9,283.925000,off,0.600000,,88.5,88.5,023,NN,023,Tone->Tone,AM,5.00,,8.0W,Red Flag VMFA-211,,,,
565,AirExW6,284.000000,off,0.600000,,88.5,88.5,023,NN,023,Tone->Tone,AM,5.00,,8.0W,Air Exercise White 6,,,,
566,RedFlagV10,284.225000,off,0.600000,,88.5,88.5,023,NN,023,Tone->Tone,AM,5.00,,8.0W,Red Flag VMFA-211,,,,
567,AirStrike,284.425000,off,0.600000,,88.5,88.5,023,NN,023,Tone->Tone,AM,5.00,,8.0W,Air strike practice,,,,
568,64AGRS8,284.550000,off,0.600000,,88.5,88.5,023,NN,023,Tone->Tone,AM,5.00,,8.0W,64 AGRS,,,,
569,OaklCent15,284.650000,off,0.600000,,88.5,88.5,023,NN,023,Tone->Tone,AM,5.00,,8.0W,Oakland Center,,,,
570,AirExTarg2,285.150000,off,0.600000,,88.5,88.5,023,NN,023,Tone->Tone,AM,5.00,,8.0W,Air Exercise targeting,,,,
571,RedFlag95,285.325000,off,0.600000,,88.5,88.5,023,NN,023,Tone->Tone,AM,5.00,,8.0W,Red Flag 95FS,,,,
572,OaklCent16,285.500000,off,0.600000,,88.5,88.5,023,NN,023,Tone->Tone,AM,5.00,,8.0W,Oakland Center,,,,
573,CreechSFA,285.525000,off,0.600000,,88.5,88.5,023,NN,023,Tone->Tone,AM,5.00,,8.0W,Creech AFB SFA,,,,
574,WpnSchDrp2,285.650000,off,0.600000,,88.5,88.5,023,NN,023,Tone->Tone,AM,5.00,,8.0W,Weapons School drops,,,,
575,EnrtAA2,285.750000,off,0.600000,,88.5,88.5,023,NN,023,Tone->Tone,AM,5.00,,8.0W,Enroute air-air,,,,
576,RedFlagTm,287.450000,off,0.600000,,88.5,88.5,023,NN,023,Tone->Tone,AM,5.00,,8.0W,Red Flag timing signal,,,,
577,414CTSTac5,287.600000,off,0.600000,,88.5,88.5,023,NN,023,Tone->Tone,AM,5.00,,8.0W,414th CTS Tactical,,,,
578,Rng71-76S,288.225000,off,0.600000,,88.5,88.5,023,NN,023,Tone->Tone,AM,5.00,,8.0W,Range 71-76 Secondary,,,,
579,RedFlagUK,288.550000,off,0.600000,,88.5,88.5,023,NN,023,Tone->Tone,AM,5.00,,8.0W,Red Flag British players,,,,
580,414CTSTac6,288.600000,off,0.600000,,88.5,88.5,023,NN,023,Tone->Tone,AM,5.00,,8.0W,414th CTS Tactical,,,,
581,RedFlag95_2,288.650000,off,0.600000,,88.5,88.5,023,NN,023,Tone->Tone,AM,5.00,,8.0W,Red Flag 95FS,,,,
582,Rng64Ops,288.800000,off,0.600000,,88.5,88.5,023,NN,023,Tone->Tone,AM,5.00,,8.0W,Range 64 Operations,,,,
583,MAFEX3,289.175000,off,0.600000,,88.5,88.5,023,NN,023,Tone->Tone,AM,5.00,,8.0W,MAFEX Check-In,,,,
584,Caliente,289.300000,off,0.600000,,88.5,88.5,023,NN,023,Tone->Tone,AM,5.00,,8.0W,Caliente MOA Control,,,,
585,NellisClr2,289.400000,off,0.600000,,88.5,88.5,023,NN,023,Tone->Tone,AM,5.00,,8.0W,Nellis Clearance Delivery,,,,
586,414CTSTac7,289.600000,off,0.600000,,88.5,88.5,023,NN,023,Tone->Tone,AM,5.00,,8.0W,414th CTS Tactical,,,,
587,AAR4,289.700000,off,0.600000,,88.5,88.5,023,NN,023,Tone->Tone,AM,5.00,,8.0W,Aerial Refueling,,,,
588,JoshCtrlP4,290.300000,off,0.600000,,88.5,88.5,023,NN,023,Tone->Tone,AM,5.00,,8.0W,Joshua Control Palmdale,,,,
589,414CTSTac8,290.600000,off,0.600000,,88.5,88.5,023,NN,023,Tone->Tone,AM,5.00,,8.0W,414th CTS Tactical,,,,
590,414CTSTac9,290.800000,off,0.600000,,88.5,88.5,023,NN,023,Tone->Tone,AM,5.00,,8.0W,414th CTS Tactical,,,,
591,JoshCtrlP5,291.600000,off,0.600000,,88.5,88.5,023,NN,023,Tone->Tone,AM,5.00,,8.0W,Joshua Control Panamint,,,,
592,NellisApp,291.725000,off,0.600000,,88.5,88.5,023,NN,023,Tone->Tone,AM,5.00,,8.0W,Nellis Approach,,,,
593,RedFlagDCA,291.850000,off,0.600000,,88.5,88.5,023,NN,023,Tone->Tone,AM,5.00,,8.0W,Red Flag DCA,,,,
594,AAR5,291.900000,off,0.600000,,88.5,88.5,023,NN,023,Tone->Tone,AM,5.00,,8.0W,Aerial Refueling,,,,
595,RedFlag95_3,291.975000,off,0.600000,,88.5,88.5,023,NN,023,Tone->Tone,AM,5.00,,8.0W,Red Flag 95FS,,,,
596,GermanTorn,292.000000,off,0.600000,,88.5,88.5,023,NN,023,Tone->Tone,AM,5.00,,8.0W,German Tornados,,,,
597,17WPS3,292.100000,off,0.600000,,88.5,88.5,023,NN,023,Tone->Tone,AM,5.00,,8.0W,17 WPS,,,,
598,Rng61Ops,292.200000,off,0.600000,,88.5,88.5,023,NN,023,Tone->Tone,AM,5.00,,8.0W,Range 61 Operations,,,,
599,RedFlag16,292.450000,off,0.600000,,88.5,88.5,023,NN,023,Tone->Tone,AM,5.00,,8.0W,Red Flag 16 AACS,,,,
600,AirExAG,292.900000,off,0.600000,,88.5,88.5,023,NN,023,Tone->Tone,AM,5.00,,8.0W,Air Exercise air-ground,,,,
601,AARElgin,293.000000,off,0.600000,,88.5,88.5,023,NN,023,Tone->Tone,AM,5.00,,8.0W,AAR Elgin MOA,,,,
602,Rng77Ops,293.500000,off,0.600000,,88.5,88.5,023,NN,023,Tone->Tone,AM,5.00,,8.0W,Range 77 Operations,,,,
603,422TESAA6,293.875000,off,0.600000,,88.5,88.5,023,NN,023,Tone->Tone,AM,5.00,,8.0W,422 TES Air-Air,,,,
604,RedFlagP3,293.900000,off,0.600000,,88.5,88.5,023,NN,023,Tone->Tone,AM,5.00,,8.0W,Red Flag P-3C,,,,
605,RedFlagHC,294.725000,off,0.600000,,88.5,88.5,023,NN,023,Tone->Tone,AM,5.00,,8.0W,Red Flag HC-130J,,,,
606,RedFlag95_4,294.775000,off,0.600000,,88.5,88.5,023,NN,023,Tone->Tone,AM,5.00,,8.0W,Red Flag 95FS,,,,
607,CalienteS,294.900000,off,0.600000,,88.5,88.5,023,NN,023,Tone->Tone,AM,5.00,,8.0W,Caliente MOA Secondary,,,,
608,AAR6,295.400000,off,0.600000,,88.5,88.5,023,NN,023,Tone->Tone,AM,5.00,,8.0W,Aerial Refueling,,,,
609,AAR7,295.800000,off,0.600000,,88.5,88.5,023,NN,023,Tone->Tone,AM,5.00,,8.0W,Aerial Refueling,,,,
610,414CTSTac10,296.100000,off,0.600000,,88.5,88.5,023,NN,023,Tone->Tone,AM,5.00,,8.0W,414th CTS Tactical,,,,
611,OaklCentT,296.700000,off,0.600000,,88.5,88.5,023,NN,023,Tone->Tone,AM,5.00,,8.0W,Oakland Center Tactical,,,,
612,RedTmBoom,296.900000,off,0.600000,,88.5,88.5,023,NN,023,Tone->Tone,AM,5.00,,8.0W,Red Team AAR Boom,,,,
613,AMC2,297.000000,off,0.600000,,88.5,88.5,023,NN,023,Tone->Tone,AM,5.00,,8.0W,Air Mobility Command,,,,
614,414CTSTac11,297.700000,off,0.600000,,88.5,88.5,023,NN,023,Tone->Tone,AM,5.00,,8.0W,414th CTS Tactical,,,,
615,DrmlndMsn4,297.750000,off,0.600000,,88.5,88.5,023,NN,023,Tone->Tone,AM,5.00,,8.0W,Dreamland Mission,,,,
616,LaserWpn,297.900000,off,0.600000,,88.5,88.5,023,NN,023,Tone->Tone,AM,5.00,,8.0W,Laser guided weapons,,,,
617,422TESBlt,298.200000,off,0.600000,,88.5,88.5,023,NN,023,Tone->Tone,AM,5.00,,8.0W,422 TES Bolt,,,,
618,AAR8,298.300000,off,0.600000,,88.5,88.5,023,NN,023,Tone->Tone,AM,5.00,,8.0W,AAR,,,,
619,DrmlndMsnP2,299.150000,off,0.600000,,88.5,88.5,023,NN,023,Tone->Tone,AM,5.00,,8.0W,Dreamland Mission Prime,,,,
620,LACentrUH,299.200000,off,0.600000,,88.5,88.5,023,NN,023,Tone->Tone,AM,5.00,,8.0W,LA Center ultra high,,,,
621,HaveQuick,300.050000,off,0.600000,,88.5,88.5,023,NN,023,Tone->Tone,AM,5.00,,8.0W,Have Quick,,,,
622,AirExOps4,300.325000,off,0.600000,,88.5,88.5,023,NN,023,Tone->Tone,AM,5.00,,8.0W,Air Exercise Ops,,,,
623,SlowMover2,300.550000,off,0.600000,,88.5,88.5,023,NN,023,Tone->Tone,AM,5.00,,8.0W,Slow movers air-air,,,,
624,DsrtRadio,302.300000,off,0.600000,,88.5,88.5,023,NN,023,Tone->Tone,AM,5.00,,8.0W,Desert Radio Advisory,,,,
625,AAR9,303.000000,off,0.600000,,88.5,88.5,023,NN,023,Tone->Tone,AM,5.00,,8.0W,Aerial Refueling,,,,
626,GroomMsn2,303.025000,off,0.600000,,88.5,88.5,023,NN,023,Tone->Tone,AM,5.00,,8.0W,Groom Mission,,,,
627,RedFlagAT,303.100000,off,0.600000,,88.5,88.5,023,NN,023,Tone->Tone,AM,5.00,,8.0W,Red Flag AWACS Tasking,,,,
628,AirExCtrl2,303.600000,off,0.600000,,88.5,88.5,023,NN,023,Tone->Tone,AM,5.00,,8.0W,Air Exercise Control,,,,
629,Rng61Ops2,304.600000,off,0.600000,,88.5,88.5,023,NN,023,Tone->Tone,AM,5.00,,8.0W,Range 61 Ops,,,,
630,Hurricane,304.800000,off,0.600000,,88.5,88.5,023,NN,023,Tone->Tone,AM,5.00,,8.0W,USAF Hurricane Hunters,,,,
631,DrmlndAAR5,305.450000,off,0.600000,,88.5,88.5,023,NN,023,Tone->Tone,AM,5.00,,8.0W,Dreamland AAR Prime,,,,
632,ECCtrl,305.500000,off,0.600000,,88.5,88.5,023,NN,023,Tone->Tone,AM,5.00,,8.0W,EC East/West controller,,,,
633,SOFBull2,305.600000,off,0.600000,,88.5,88.5,023,NN,023,Tone->Tone,AM,5.00,,8.0W,SOF Bullseye Control,,,,
634,422TES15,305.650000,off,0.600000,,88.5,88.5,023,NN,023,Tone->Tone,AM,5.00,,8.0W,422 TES,,,,
635,RedFlag55_2,306.075000,off,0.600000,,88.5,88.5,023,NN,023,Tone->Tone,AM,5.00,,8.0W,Red Flag 55FS,,,,
636,RedFlagMQ9,306.500000,off,0.600000,,88.5,88.5,023,NN,023,Tone->Tone,AM,5.00,,8.0W,Red Flag MQ-9,,,,
637,KLASDepSW2,307.250000,off,0.600000,,88.5,88.5,023,NN,023,Tone->Tone,AM,5.00,,8.0W,KLAS Departure SW,,,,
638,RedFlagR8,308.000000,off,0.600000,,88.5,88.5,023,NN,023,Tone->Tone,AM,5.00,,8.0W,Red Flag RED 9,,,,
639,RedFlag41,308.125000,off,0.600000,,88.5,88.5,023,NN,023,Tone->Tone,AM,5.00,,8.0W,Red Flag 41 RQS,,,,
640,RedFlag55_3,308.550000,off,0.600000,,88.5,88.5,023,NN,023,Tone->Tone,AM,5.00,,8.0W,Red Flag 55FS,,,,
641,RedFlagAC2,308.600000,off,0.600000,,88.5,88.5,023,NN,023,Tone->Tone,AM,5.00,,8.0W,Red Flag AWACS Chalice,,,,
642,RedFlagB7,309.500000,off,0.600000,,88.5,88.5,023,NN,023,Tone->Tone,AM,5.00,,8.0W,Red Flag Blue 7,,,,
643,MiG2RTO,309.775000,off,0.600000,,88.5,88.5,023,NN,023,Tone->Tone,AM,5.00,,8.0W,MiGs to RTO,,,,
644,Vampires,309.800000,off,0.600000,,88.5,88.5,023,NN,023,Tone->Tone,AM,5.00,,8.0W,Vampires air-air,,,,
645,RedFlagE3,310.550000,off,0.600000,,88.5,88.5,023,NN,023,Tone->Tone,AM,5.00,,8.0W,Red Flag E-3,,,,
646,DrmlndUHF,310.700000,off,0.600000,,88.5,88.5,023,NN,023,Tone->Tone,AM,5.00,,8.0W,Dreamland Mission UHF,,,,
647,AirExTarg3,311.225000,off,0.600000,,88.5,88.5,023,NN,023,Tone->Tone,AM,5.00,,8.0W,Air Exercise Targeting,,,,
648,414CTSTac12,313.900000,off,0.600000,,88.5,88.5,023,NN,023,Tone->Tone,AM,5.00,,8.0W,414th CTS Tactical,,,,
649,AirExWpn,314.075000,off,0.600000,,88.5,88.5,023,NN,023,Tone->Tone,AM,5.00,,8.0W,Air Exercise Weapons School,,,,
650,FallonRng,314.300000,off,0.600000,,88.5,88.5,023,NN,023,Tone->Tone,AM,5.00,,8.0W,Fallon/Wendover Range,,,,
651,RedFlag55_4,314.350000,off,0.600000,,88.5,88.5,023,NN,023,Tone->Tone,AM,5.00,,8.0W,Red Flag 55FS,,,,
652,66RQS3,314.400000,off,0.600000,,88.5,88.5,023,NN,023,Tone->Tone,AM,5.00,,8.0W,66 RQS,,,,
653,DrmlndMOA2,314.600000,off,0.600000,,88.5,88.5,023,NN,023,Tone->Tone,AM,5.00,,8.0W,Dreamland MOA Mission,,,,
654,414CTSTac13,315.200000,off,0.600000,,88.5,88.5,023,NN,023,Tone->Tone,AM,5.00,,8.0W,414th CTS Tactical,,,,
655,422TES16,315.800000,off,0.600000,,88.5,88.5,023,NN,023,Tone->Tone,AM,5.00,,8.0W,422 TES,,,,
656,AirExAW2,315.850000,off,0.600000,,88.5,88.5,023,NN,023,Tone->Tone,AM,5.00,,8.0W,Air Exercise AWACS,,,,
657,RedFlagEx,316.200000,off,0.600000,,88.5,88.5,023,NN,023,Tone->Tone,AM,5.00,,8.0W,Red Flag Exercise,,,,
658,LACentr10,317.400000,off,0.600000,,88.5,88.5,023,NN,023,Tone->Tone,AM,5.00,,8.0W,LA Center,,,,
659,NellisCtlE2,317.525000,off,0.600000,,88.5,88.5,023,NN,023,Tone->Tone,AM,5.00,,8.0W,Nellis Control East,,,,
660,SLCentr16,317.625000,off,0.600000,,88.5,88.5,023,NN,023,Tone->Tone,AM,5.00,,8.0W,Salt Lake Center,,,,
661,RedFlagE3_2,317.900000,off,0.600000,,88.5,88.5,023,NN,023,Tone->Tone,AM,5.00,,8.0W,Red Flag E-3,,,,
662,422TES17,318.000000,off,0.600000,,88.5,88.5,023,NN,023,Tone->Tone,AM,5.00,,8.0W,422 TES,,,,
663,RedFlagAW7,318.400000,off,0.600000,,88.5,88.5,023,NN,023,Tone->Tone,AM,5.00,,8.0W,Red Flag AWACS,,,,
664,AirExAW3,318.500000,off,0.600000,,88.5,88.5,023,NN,023,Tone->Tone,AM,5.00,,8.0W,Air Exercise AWACS,,,,
665,RedFlag66_2,318.900000,off,0.600000,,88.5,88.5,023,NN,023,Tone->Tone,AM,5.00,,8.0W,Red Flag 66 RQS,,,,
666,OaklCent17,319.100000,off,0.600000,,88.5,88.5,023,NN,023,Tone->Tone,AM,5.00,,8.0W,Oakland Center,,,,
667,LACentr11,319.200000,off,0.600000,,88.5,88.5,023,NN,023,Tone->Tone,AM,5.00,,8.0W,LA Center,,,,
668,FtrWpnSch,319.300000,off,0.600000,,88.5,88.5,023,NN,023,Tone->Tone,AM,5.00,,8.0W,Fighter Weapons School,,,,
669,AAR10,319.500000,off,0.600000,,88.5,88.5,023,NN,023,Tone->Tone,AM,5.00,,8.0W,Aerial Refueling,,,,
670,Rng65Ops,319.700000,off,0.600000,,88.5,88.5,023,NN,023,Tone->Tone,AM,5.00,,8.0W,Range 65 Operations,,,,
671,NellisCmd,320.000000,off,0.600000,,88.5,88.5,023,NN,023,Tone->Tone,AM,5.00,,8.0W,Nellis Command Post,,,,
672,Rng62Ops2,320.100000,off,0.600000,,88.5,88.5,023,NN,023,Tone->Tone,AM,5.00,,8.0W,Range 62 Operations,,,,
673,RedFlagLn,320.800000,off,0.600000,,88.5,88.5,023,NN,023,Tone->Tone,AM,5.00,,8.0W,Red Flag AWACS link,,,,
674,NellisSFA2,321.100000,off,0.600000,,88.5,88.5,023,NN,023,Tone->Tone,AM,5.00,,8.0W,Nellis SFA,,,,
675,AbqCenter,321.300000,off,0.600000,,88.5,88.5,023,NN,023,Tone->Tone,AM,5.00,,8.0W,Albuquerque Center,,,,
676,NellisTac2,321.600000,off,0.600000,,88.5,88.5,023,NN,023,Tone->Tone,AM,5.00,,8.0W,Nellis Tactical,,,,
677,433WPS7,322.250000,off,0.600000,,88.5,88.5,023,NN,023,Tone->Tone,AM,5.00,,8.0W,433 WPS,,,,
678,JoshCtrlO2,322.300000,off,0.600000,,88.5,88.5,023,NN,023,Tone->Tone,AM,5.00,,8.0W,Joshua Control Owens MOA,,,,
679,AirExRng,322.350000,off,0.600000,,88.5,88.5,023,NN,023,Tone->Tone,AM,5.00,,8.0W,Air Exercise Range Control,,,,
680,TTRHawk,322.700000,off,0.600000,,88.5,88.5,023,NN,023,Tone->Tone,AM,5.00,,8.0W,TTR Hawk Ops,,,,
681,TBirdsSolo,322.950000,off,0.600000,,88.5,88.5,023,NN,023,Tone->Tone,AM,5.00,,8.0W,Thunderbirds Solo,,,,
682,OaklCent18,323.175000,off,0.600000,,88.5,88.5,023,NN,023,Tone->Tone,AM,5.00,,8.0W,Oakland Center,,,,
683,LACentr12,323.200000,off,0.600000,,88.5,88.5,023,NN,023,Tone->Tone,AM,5.00,,8.0W,LA Center,,,,
684,422TES18,323.350000,off,0.600000,,88.5,88.5,023,NN,023,Tone->Tone,AM,5.00,,8.0W,422 TES,,,,
685,Rng75/76,323.750000,off,0.600000,,88.5,88.5,023,NN,023,Tone->Tone,AM,5.00,,8.0W,Range 75/76 bomb drop,,,,
686,RedFlag4,323.825000,off,0.600000,,88.5,88.5,023,NN,023,Tone->Tone,AM,5.00,,8.0W,Red Flag Ops,,,,
687,433WPSOps,323.850000,off,0.600000,,88.5,88.5,023,NN,023,Tone->Tone,AM,5.00,,8.0W,433 WPS Ops,,,,
688,NellisWx,323.900000,off,0.600000,,88.5,88.5,023,NN,023,Tone->Tone,AM,5.00,,8.0W,Nellis Metro Weather,,,,
689,NellisTrk2,324.050000,off,0.600000,,88.5,88.5,023,NN,023,Tone->Tone,AM,5.00,,8.0W,Nellis Track,,,,
690,NellisRTO,324.400000,off,0.600000,,88.5,88.5,023,NN,023,Tone->Tone,AM,5.00,,8.0W,Nellis RTO Showtime,,,,
691,AWACSOps,324.700000,off,0.600000,,88.5,88.5,023,NN,023,Tone->Tone,AM,5.00,,8.0W,AWACS Ops,,,,
692,422TES19,324.850000,off,0.600000,,88.5,88.5,023,NN,023,Tone->Tone,AM,5.00,,8.0W,422 TES,,,,
693,USAFChal,325.500000,off,0.600000,,88.5,88.5,023,NN,023,Tone->Tone,AM,5.00,,8.0W,USAF AWACS Chalice,,,,
694,TESF35,326.125000,off,0.600000,,88.5,88.5,023,NN,023,Tone->Tone,AM,5.00,,8.0W,422/31 TES F-35A,,,,
695,NellisSFA3,326.200000,off,0.600000,,88.5,88.5,023,NN,023,Tone->Tone,AM,5.00,,8.0W,Nellis SFA,,,,
696,RedFlagAW8,326.400000,off,0.600000,,88.5,88.5,023,NN,023,Tone->Tone,AM,5.00,,8.0W,Red Flag AWACS,,,,
697,VX9Ex2,326.525000,off,0.600000,,88.5,88.5,023,NN,023,Tone->Tone,AM,5.00,,8.0W,VX-9 exercise,,,,
698,17WPS4,326.775000,off,0.600000,,88.5,88.5,023,NN,023,Tone->Tone,AM,5.00,,8.0W,17 WPS,,,,
699,KenoUNI,326.800000,off,0.600000,,88.5,88.5,023,NN,023,Tone->Tone,AM,5.00,,8.0W,Keno Airfield UNICOM,,,,
700,NellisTwr2,327.000000,off,0.600000,,88.5,88.5,023,NN,023,Tone->Tone,AM,5.00,,8.0W,Nellis Control Tower,,,,
701,SLCentr17,327.050000,off,0.600000,,88.5,88.5,023,NN,023,Tone->Tone,AM,5.00,,8.0W,Salt Lake Center,,,,
702,RedFlagF2,327.200000,off,0.600000,,88.5,88.5,023,NN,023,Tone->Tone,AM,5.00,,8.0W,Red Flag FAC,,,,
703,RedFlag5,327.300000,off,0.600000,,88.5,88.5,023,NN,023,Tone->Tone,AM,5.00,,8.0W,Red Flag Ops,,,,
704,RedFlagH,327.600000,off,0.600000,,88.5,88.5,023,NN,023,Tone->Tone,AM,5.00,,8.0W,Red Flag HVAA Primary,,,,
705,RedFlagEC,327.775000,off,0.600000,,88.5,88.5,023,NN,023,Tone->Tone,AM,5.00,,8.0W,Red Flag EC-130H EW,,,,
706,AirExCtrl3,328.300000,off,0.600000,,88.5,88.5,023,NN,023,Tone->Tone,AM,5.00,,8.0W,Air Exercise Control,,,,
707,DrmlndMsn5,328.425000,off,0.600000,,88.5,88.5,023,NN,023,Tone->Tone,AM,5.00,,8.0W,Dreamland Mission,,,,
708,NellisAdv,328.500000,off,0.600000,,88.5,88.5,023,NN,023,Tone->Tone,AM,5.00,,8.0W,Nellis Adversary Ops,,,,
709,RedFlagEC2,328.550000,off,0.600000,,88.5,88.5,023,NN,023,Tone->Tone,AM,5.00,,8.0W,Red Flag EC-130H,,,,
710,Data1,332.725000,off,0.600000,,88.5,88.5,023,NN,023,Tone->Tone,AM,5.00,,8.0W,Data,,,,
711,Data2,334.225000,off,0.600000,,88.5,88.5,023,NN,023,Tone->Tone,AM,5.00,,8.0W,Data,,,,
712,Rng71Ops,335.450000,off,0.600000,,88.5,88.5,023,NN,023,Tone->Tone,AM,5.00,,8.0W,Range 71 Operations,,,,
713,TTRGrnd2,335.500000,off,0.600000,,88.5,88.5,023,NN,023,Tone->Tone,AM,5.00,,8.0W,TTR Ground Control,,,,
714,JoshCtrlI2,335.600000,off,0.600000,,88.5,88.5,023,NN,023,Tone->Tone,AM,5.00,,8.0W,Joshua Control Isabella,,,,
715,RedFlagAA15,335.900000,off,0.600000,,88.5,88.5,023,NN,023,Tone->Tone,AM,5.00,,8.0W,Red Flag air-air,,,,
716,AAR11,336.100000,off,0.600000,,88.5,88.5,023,NN,023,Tone->Tone,AM,5.00,,8.0W,Aerial Refueling,,,,
717,AirExOps5,336.575000,off,0.600000,,88.5,88.5,023,NN,023,Tone->Tone,AM,5.00,,8.0W,Air Exercise Ops,,,,
718,Rng64Ops2,337.000000,off,0.600000,,88.5,88.5,023,NN,023,Tone->Tone,AM,5.00,,8.0W,Range 64 operations,,,,
719,DrmlndAAR6,337.500000,off,0.600000,,88.5,88.5,023,NN,023,Tone->Tone,AM,5.00,,8.0W,Dreamland AAR Prime,,,,
720,SLCentr18,338.350000,off,0.600000,,88.5,88.5,023,NN,023,Tone->Tone,AM,5.00,,8.0W,Salt Lake Center,,,,
721,RedFlagGol,338.400000,off,0.600000,,88.5,88.5,023,NN,023,Tone->Tone,AM,5.00,,8.0W,Red Flag AWACS Goliath,,,,
722,NellisCmd2,340.200000,off,0.600000,,88.5,88.5,023,NN,023,Tone->Tone,AM,5.00,,8.0W,Nellis Command Post,,,,
723,AirDrops2,340.600000,off,0.600000,,88.5,88.5,023,NN,023,Tone->Tone,AM,5.00,,8.0W,Air drops,,,,
724,AirExOps6,340.900000,off,0.600000,,88.5,88.5,023,NN,023,Tone->Tone,AM,5.00,,8.0W,Air Exercise Ops,,,,
725,STRATCOM,341.200000,off,0.600000,,88.5,88.5,023,NN,023,Tone->Tone,AM,5.00,,8.0W,USSTRATCOM Air-Air,,,,
726,DrmlndMsnP3,341.450000,off,0.600000,,88.5,88.5,023,NN,023,Tone->Tone,AM,5.00,,8.0W,Dreamland Mission Prime,,,,
727,Rng61Ops3,341.925000,off,0.600000,,88.5,88.5,023,NN,023,Tone->Tone,AM,5.00,,8.0W,Range 61 Operations,,,,
728,414CTSTac14,342.100000,off,0.600000,,88.5,88.5,023,NN,023,Tone->Tone,AM,5.00,,8.0W,414th CTS Tactical,,,,
729,422TESSup4,342.200000,off,0.600000,,88.5,88.5,023,NN,023,Tone->Tone,AM,5.00,,8.0W,422 TES Support,,,,
730,RedFlagS3,342.450000,off,0.600000,,88.5,88.5,023,NN,023,Tone->Tone,AM,5.00,,8.0W,Red Flag SAM 1,,,,
731,AirExTac,342.600000,off,0.600000,,88.5,88.5,023,NN,023,Tone->Tone,AM,5.00,,8.0W,Air Exercise Tactical,,,,
732,AMC_Sec,342.900000,off,0.600000,,88.5,88.5,023,NN,023,Tone->Tone,AM,5.00,,8.0W,AMC secondary,,,,
733,RevDesMOA,343.000000,off,0.600000,,88.5,88.5,023,NN,023,Tone->Tone,AM,5.00,,8.0W,Reveille/Desert MOA,,,,
734,AirExOps7,343.200000,off,0.600000,,88.5,88.5,023,NN,023,Tone->Tone,AM,5.00,,8.0W,Air Exercise Ops,,,,
735,RedFlagAD3,343.300000,off,0.600000,,88.5,88.5,023,NN,023,Tone->Tone,AM,5.00,,8.0W,Red Flag AWACS Darkstar,,,,
736,Rng65Strk,343.525000,off,0.600000,,88.5,88.5,023,NN,023,Tone->Tone,AM,5.00,,8.0W,Range 65A strike,,,,
737,LACentr13,343.600000,off,0.600000,,88.5,88.5,023,NN,023,Tone->Tone,AM,5.00,,8.0W,LA Center,,,,
738,NellisSFAa,343.725000,off,0.600000,,88.5,88.5,023,NN,023,Tone->Tone,AM,5.00,,8.0W,Nellis SFA Alpha,,,,
739,NellisWx2,344.600000,off,0.600000,,88.5,88.5,023,NN,023,Tone->Tone,AM,5.00,,8.0W,Nellis Metro Weather,,,,
740,AAR12,344.700000,off,0.600000,,88.5,88.5,023,NN,023,Tone->Tone,AM,5.00,,8.0W,Aerial Refueling,,,,
741,Rng71ECW,344.800000,off,0.600000,,88.5,88.5,023,NN,023,Tone->Tone,AM,5.00,,8.0W,Range 71/EC West Ops,,,,
742,Voice,345.400000,off,0.600000,,88.5,88.5,023,NN,023,Tone->Tone,AM,5.00,,8.0W,Voice,,,,
743,NellisOps,346.100000,off,0.600000,,88.5,88.5,023,NN,023,Tone->Tone,AM,5.00,,8.0W,Nellis Ops,,,,
744,LACentr14,346.300000,off,0.600000,,88.5,88.5,023,NN,023,Tone->Tone,AM,5.00,,8.0W,LA Center,,,,
745,ChinaLkOps,346.450000,off,0.600000,,88.5,88.5,023,NN,023,Tone->Tone,AM,5.00,,8.0W,China Lake Ops,,,,
746,USAFBand,347.400000,off,0.600000,,88.5,88.5,023,NN,023,Tone->Tone,AM,5.00,,8.0W,USAF AWACS Bandsaw,,,,
747,JoshCtrlP6,348.700000,off,0.600000,,88.5,88.5,023,NN,023,Tone->Tone,AM,5.00,,8.0W,Joshua Control Primary,,,,
748,SLCentr19,348.725000,off,0.600000,,88.5,88.5,023,NN,023,Tone->Tone,AM,5.00,,8.0W,Salt Lake Center,,,,
749,Nellis16S,349.100000,off,0.600000,,88.5,88.5,023,NN,023,Tone->Tone,AM,5.00,,8.0W,Nellis 16 WPS Support,,,,
750,ExEnrtAA,349.175000,off,0.600000,,88.5,88.5,023,NN,023,Tone->Tone,AM,5.00,,8.0W,Exercise enroute air-air,,,,
751,RedFlagB11,349.200000,off,0.600000,,88.5,88.5,023,NN,023,Tone->Tone,AM,5.00,,8.0W,Red Flag AWACS BLUE 11,,,,
752,USAFTwr,349.400000,off,0.600000,,88.5,88.5,023,NN,023,Tone->Tone,AM,5.00,,8.0W,USAF Control Towers,,,,
753,414CTSTac15,349.500000,off,0.600000,,88.5,88.5,023,NN,023,Tone->Tone,AM,5.00,,8.0W,414th CTS Tactical,,,,
754,RedFlagAS,349.600000,off,0.600000,,88.5,88.5,023,NN,023,Tone->Tone,AM,5.00,,8.0W,Red Flag AWACS Strike,,,,
755,DrmlndMsn6,349.700000,off,0.600000,,88.5,88.5,023,NN,023,Tone->Tone,AM,5.00,,8.0W,Dreamland Mission,,,,
756,WpnSchIns,349.875000,off,0.600000,,88.5,88.5,023,NN,023,Tone->Tone,AM,5.00,,8.0W,Weapons School Instructor,,,,
757,RedFlagH2,349.975000,off,0.600000,,88.5,88.5,023,NN,023,Tone->Tone,AM,5.00,,8.0W,Red Flag HVAA Secondary,,,,
758,LACentr15,351.900000,off,0.600000,,88.5,88.5,023,NN,023,Tone->Tone,AM,5.00,,8.0W,LA Center,,,,
759,SLCentr20,352.000000,off,0.600000,,88.5,88.5,023,NN,023,Tone->Tone,AM,5.00,,8.0W,Salt Lake Center,,,,
760,LACentr16,352.050000,off,0.600000,,88.5,88.5,023,NN,023,Tone->Tone,AM,5.00,,8.0W,LA Center,,,,
761,AAR13,352.600000,off,0.600000,,88.5,88.5,023,NN,023,Tone->Tone,AM,5.00,,8.0W,Aerial Refueling,,,,
762,KLASDepNE,353.700000,off,0.600000,,88.5,88.5,023,NN,023,Tone->Tone,AM,5.00,,8.0W,KLAS Departure NE,,,,
763,OaklCent19,353.800000,off,0.600000,,88.5,88.5,023,NN,023,Tone->Tone,AM,5.00,,8.0W,Oakland Center,,,,
764,Rng76Ops,354.300000,off,0.600000,,88.5,88.5,023,NN,023,Tone->Tone,AM,5.00,,8.0W,Range 76 Operations,,,,
765,26WPSSup,355.100000,off,0.600000,,88.5,88.5,023,NN,023,Tone->Tone,AM,5.00,,8.0W,26 WPS Support,,,,
766,AirExR2503,357.000000,off,0.600000,,88.5,88.5,023,NN,023,Tone->Tone,AM,5.00,,8.0W,Air Exercise R-2508,,,,
767,NthRngMOA2,357.100000,off,0.600000,,88.5,88.5,023,NN,023,Tone->Tone,AM,5.00,,8.0W,Northern Ranges MOA,,,,
768,DrmlndBk4,357.500000,off,0.600000,,88.5,88.5,023,NN,023,Tone->Tone,AM,5.00,,8.0W,Dreamland Mission Backup,,,,
769,USNTwr,360.200000,off,0.600000,,88.5,88.5,023,NN,023,Tone->Tone,AM,5.00,,8.0W,USN Control Towers,,,,
770,Nellis16S2,360.250000,off,0.600000,,88.5,88.5,023,NN,023,Tone->Tone,AM,5.00,,8.0W,Nellis 16 WPS Support,,,,
771,CreechTwr2,360.625000,off,0.600000,,88.5,88.5,023,NN,023,Tone->Tone,AM,5.00,,8.0W,Creech AFB Tower,,,,
772,LACentr17,360.650000,off,0.600000,,88.5,88.5,023,NN,023,Tone->Tone,AM,5.00,,8.0W,LA Center,,,,
773,NLVTwr3,360.750000,off,0.600000,,88.5,88.5,023,NN,023,Tone->Tone,AM,5.00,,8.0W,North Las Vegas Tower,,,,
774,414CTSCbr,361.500000,off,0.600000,,88.5,88.5,023,NN,023,Tone->Tone,AM,5.00,,8.0W,414th CTS Cobra Ops,,,,
775,Rng63Ops,361.600000,off,0.600000,,88.5,88.5,023,NN,023,Tone->Tone,AM,5.00,,8.0W,Range 63 Operations,,,,
776,JoshCtrlP7,363.000000,off,0.600000,,88.5,88.5,023,NN,023,Tone->Tone,AM,5.00,,8.0W,Joshua Control Palmdale,,,,
777,AirEx2,363.400000,off,0.600000,,88.5,88.5,023,NN,023,Tone->Tone,AM,5.00,,8.0W,Air Exercise,,,,
778,CloverS2,363.500000,off,0.600000,,88.5,88.5,023,NN,023,Tone->Tone,AM,5.00,,8.0W,Clover Control South,,,,
779,Rng75Ops,363.900000,off,0.600000,,88.5,88.5,023,NN,023,Tone->Tone,AM,5.00,,8.0W,Range 75 Operations,,,,
780,CalienteMOA,364.000000,off,0.600000,,88.5,88.5,023,NN,023,Tone->Tone,AM,5.00,,8.0W,Caliente MOA,,,,
781,SLCentrTac,364.800000,off,0.600000,,88.5,88.5,023,NN,023,Tone->Tone,AM,5.00,,8.0W,Salt Lake Center Tactical,,,,
782,GreenFlg9,366.150000,off,0.600000,,88.5,88.5,023,NN,023,Tone->Tone,AM,5.00,,8.0W,Green Flag,,,,
783,HaveQuick2,369.000000,off,0.600000,,88.5,88.5,023,NN,023,Tone->Tone,AM,5.00,,8.0W,Have Quick TOD,,,,
784,Rng75/76Dr,369.150000,off,0.600000,,88.5,88.5,023,NN,023,Tone->Tone,AM,5.00,,8.0W,Range 75/76 bomb drop,,,,
785,422TES20,369.400000,off,0.600000,,88.5,88.5,023,NN,023,Tone->Tone,AM,5.00,,8.0W,422 TES,,,,
786,CoyoteMOAS,370.825000,off,0.600000,,88.5,88.5,023,NN,023,Tone->Tone,AM,5.00,,8.0W,Coyote MOA Secondary,,,,
787,SLCentr21,370.850000,off,0.600000,,88.5,88.5,023,NN,023,Tone->Tone,AM,5.00,,8.0W,Salt Lake Center,,,,
788,422TES21,371.050000,off,0.600000,,88.5,88.5,023,NN,023,Tone->Tone,AM,5.00,,8.0W,422 TES,,,,
789,DrmlndMsn7,371.200000,off,0.600000,,88.5,88.5,023,NN,023,Tone->Tone,AM,5.00,,8.0W,Dreamland Mission,,,,
790,RPACom,371.500000,off,0.600000,,88.5,88.5,023,NN,023,Tone->Tone,AM,5.00,,8.0W,RPA Common,,,,
791,ECEWCS,371.600000,off,0.600000,,88.5,88.5,023,NN,023,Tone->Tone,AM,5.00,,8.0W,ECE/ECW/ECS,,,,
792,ExCtrl3,371.675000,off,0.600000,,88.5,88.5,023,NN,023,Tone->Tone,AM,5.00,,8.0W,Exercise controller,,,,
793,RedFlagB30,372.150000,off,0.600000,,88.5,88.5,023,NN,023,Tone->Tone,AM,5.00,,8.0W,Red Flag BEIGE 30,,,,
794,NellisCrch,372.200000,off,0.600000,,88.5,88.5,023,NN,023,Tone->Tone,AM,5.00,,8.0W,Nellis/Creech Base Ops,,,,
795,AirExAA6,373.400000,off,0.600000,,88.5,88.5,023,NN,023,Tone->Tone,AM,5.00,,8.0W,Air Exercise Air-Air,,,,
796,422TES22,373.550000,off,0.600000,,88.5,88.5,023,NN,023,Tone->Tone,AM,5.00,,8.0W,422 TES,,,,
797,PMSVWx2,375.200000,off,0.600000,,88.5,88.5,023,NN,023,Tone->Tone,AM,5.00,,8.0W,PMSV Metro Weather,,,,
798,STRATCOMA,375.700000,off,0.600000,,88.5,88.5,023,NN,023,Tone->Tone,AM,5.00,,8.0W,USSTRATCOM AAR Anchor,,,,
799,DrmlndMsnP4,375.800000,off,0.600000,,88.5,88.5,023,NN,023,Tone->Tone,AM,5.00,,8.0W,Dreamland Mission Prime,,,,
800,VX9Vamp,376.075000,off,0.600000,,88.5,88.5,023,NN,023,Tone->Tone,AM,5.00,,8.0W,VX-9 Vampires,,,,
801,Rng71-76,376.100000,off,0.600000,,88.5,88.5,023,NN,023,Tone->Tone,AM,5.00,,8.0W,Range 71-76 Ops,,,,
802,Nellis16S3,376.150000,off,0.600000,,88.5,88.5,023,NN,023,Tone->Tone,AM,5.00,,8.0W,Nellis 16 WPS Support,,,,
803,ACC3,376.200000,off,0.600000,,88.5,88.5,023,NN,023,Tone->Tone,AM,5.00,,8.0W,Air Combat Command,,,,
804,RedFlagAO,376.500000,off,0.600000,,88.5,88.5,023,NN,023,Tone->Tone,AM,5.00,,8.0W,Red Flag AWACS Ops,,,,
805,LACentr18,377.100000,off,0.600000,,88.5,88.5,023,NN,023,Tone->Tone,AM,5.00,,8.0W,LA Center,,,,
806,NellisSFA4,377.175000,off,0.600000,,88.5,88.5,023,NN,023,Tone->Tone,AM,5.00,,8.0W,Nellis SFA,,,,
807,DrmlndBk5,377.250000,off,0.600000,,88.5,88.5,023,NN,023,Tone->Tone,AM,5.00,,8.0W,Dreamland Mission Backup,,,,
808,AirExAA7,377.400000,off,0.600000,,88.5,88.5,023,NN,023,Tone->Tone,AM,5.00,,8.0W,Air Exercise air-air,,,,
809,AirExAW4,377.575000,off,0.600000,,88.5,88.5,023,NN,023,Tone->Tone,AM,5.00,,8.0W,Air Exercise AWACS,,,,
810,414CTSTac16,377.700000,off,0.600000,,88.5,88.5,023,NN,023,Tone->Tone,AM,5.00,,8.0W,414th CTS Tactical,,,,
811,NellisRng4,377.800000,off,0.600000,,88.5,88.5,023,NN,023,Tone->Tone,AM,5.00,,8.0W,Nellis Range Controller,,,,
812,DrmlndOps,377.850000,off,0.600000,,88.5,88.5,023,NN,023,Tone->Tone,AM,5.00,,8.0W,Dreamland Ops,,,,
813,AirExAA8,377.975000,off,0.600000,,88.5,88.5,023,NN,023,Tone->Tone,AM,5.00,,8.0W,Air Exercise air-air,,,,
814,RedFlagE8,378.225000,off,0.600000,,88.5,88.5,023,NN,023,Tone->Tone,AM,5.00,,8.0W,Red Flag E-8C,,,,
815,AirExAA9,378.350000,off,0.600000,,88.5,88.5,023,NN,023,Tone->Tone,AM,5.00,,8.0W,Air Exercise air-air,,,,
816,RedFlagRQ,378.675000,off,0.600000,,88.5,88.5,023,NN,023,Tone->Tone,AM,5.00,,8.0W,Red Flag RQ-170,,,,
817,422Ops,379.000000,off,0.600000,,88.5,88.5,023,NN,023,Tone->Tone,AM,5.00,,8.0W,422 Ops Desk,,,,
818,CoyoteEx,379.100000,off,0.600000,,88.5,88.5,023,NN,023,Tone->Tone,AM,5.00,,8.0W,Coyote MOA Exercise,,,,
819,KLASAppW2,379.150000,off,0.600000,,88.5,88.5,023,NN,023,Tone->Tone,AM,5.00,,8.0W,KLAS Approach West,,,,
820,SLCentr22,379.275000,off,0.600000,,88.5,88.5,023,NN,023,Tone->Tone,AM,5.00,,8.0W,Salt Lake Center,,,,
821,SupValRng,379.400000,off,0.600000,,88.5,88.5,023,NN,023,Tone->Tone,AM,5.00,,8.0W,Superior Valley Range,,,,
822,CoyoteRng,379.500000,off,0.600000,,88.5,88.5,023,NN,023,Tone->Tone,AM,5.00,,8.0W,Coyote Range Control,,,,
823,RedFlagDCA2,379.550000,off,0.600000,,88.5,88.5,023,NN,023,Tone->Tone,AM,5.00,,8.0W,Red Flag DCA,,,,
824,422TESOps,379.600000,off,0.600000,,88.5,88.5,023,NN,023,Tone->Tone,AM,5.00,,8.0W,422 TES Ops,,,,
825,Rng77Sec,379.650000,off,0.600000,,88.5,88.5,023,NN,023,Tone->Tone,AM,5.00,,8.0W,Range 77 Secondary,,,,
826,NellisCmd3,381.300000,off,0.600000,,88.5,88.5,023,NN,023,Tone->Tone,AM,5.00,,8.0W,Nellis Command Post,,,,
827,ChinaLkRng,381.900000,off,0.600000,,88.5,88.5,023,NN,023,Tone->Tone,AM,5.00,,8.0W,China Lake Range Control,,,,
828,DrmlndMsn8,384.800000,off,0.600000,,88.5,88.5,023,NN,023,Tone->Tone,AM,5.00,,8.0W,Dreamland Mission,,,,
829,NellisAppW2,385.400000,off,0.600000,,88.5,88.5,023,NN,023,Tone->Tone,AM,5.00,,8.0W,Nellis Approach West,,,,
830,NellisSFA5,385.500000,off,0.600000,,88.5,88.5,023,NN,023,Tone->Tone,AM,5.00,,8.0W,Nellis SFA,,,,
831,NellisC2,392.150000,off,0.600000,,88.5,88.5,023,NN,023,Tone->Tone,AM,5.00,,8.0W,Nellis-TAC C2 Coordination,,,,
832,NellisSFA6,397.200000,off,0.600000,,88.5,88.5,023,NN,023,Tone->Tone,AM,5.00,,8.0W,Nellis SFA,,,,
833,NTTRBase,412.875000,off,0.600000,,88.5,88.5,023,NN,023,Tone->Tone,NFM,5.00,,8.0W,NTTR Base Ops,,,,
834,DakotaSens,433.920000,off,0.600000,,88.5,88.5,023,NN,023,Tone->Tone,NFM,5.00,,8.0W,Dakota Alert Sensor,,,,
835,MiningOps,451.800000,off,0.600000,,88.5,88.5,023,NN,023,Tone->Tone,NFM,5.00,,8.0W,Mining Operations,,,,
836,MiningIn,456.800000,off,0.600000,,88.5,88.5,023,NN,023,Tone->Tone,NFM,5.00,,8.0W,Mining Operations Input,,,,
837,NTTRCRIIS,1375.000000,off,0.600000,,88.5,88.5,023,NN,023,Tone->Tone,DV,5.00,,8.0W,NTTR CRIIS Downlink,,,,
838,NTTRACTSB,1819.000000,off,0.600000,,88.5,88.5,023,NN,023,Tone->Tone,DV,5.00,,8.0W,NTTR ACTS Downlink Blue,,,,
839,NTTRACTSR,1845.000000,off,0.600000,,88.5,88.5,023,NN,023,Tone->Tone,DV,5.00,,8.0W,NTTR ACTS Downlink Red,,,,
